section id,recording id,timestamp [ns]
e6bac60b-fba4-4556-88fb-1bce24dbb7d7,fdcce4b1-a629-474a-9805-6322a1b94dc5,1760514900913000000
e6bac60b-fba4-4556-88fb-1bce24dbb7d7,fdcce4b1-a629-474a-9805-6322a1b94dc5,1760514900963000000
e6bac60b-fba4-4556-88fb-1bce24dbb7d7,fdcce4b1-a629-474a-9805-6322a1b94dc5,1760514901013000000
e6bac60b-fba4-4556-88fb-1bce24dbb7d7,fdcce4b1-a629-474a-9805-6322a1b94dc5,1760514901063000000
e6bac60b-fba4-4556-88fb-1bce24dbb7d7,fdcce4b1-a629-474a-9805-6322a1b94dc5,1760514901113000000
e6bac60b-fba4-4556-88fb-1bce24dbb7d7,fdcce4b1-a629-474a-9805-6322a1b94dc5,1760514901163000000
e6bac60b-fba4-4556-88fb-1bce24dbb7d7,fdcce4b1-a629-474a-9805-6322a1b94dc5,1760514901213000000
e6bac60b-fba4-4556-88fb-1bce24dbb7d7,fdcce4b1-a629-474a-9805-6322a1b94dc5,1760514901263000000
e6bac60b-fba4-4556-88fb-1bce24dbb7d7,fdcce4b1-a629-474a-9805-6322a1b94dc5,1760514901313000000
e6bac60b-fba4-4556-88fb-1bce24dbb7d7,fdcce4b1-a629-474a-9805-6322a1b94dc5,1760514901363000000
e6bac60b-fba4-4556-88fb-1bce24dbb7d7,fdcce4b1-a629-474a-9805-6322a1b94dc5,1760514901413000000
e6bac60b-fba4-4556-88fb-1bce24dbb7d7,fdcce4b1-a629-474a-9805-6322a1b94dc5,1760514901463000000
e6bac60b-fba4-4556-88fb-1bce24dbb7d7,fdcce4b1-a629-474a-9805-6322a1b94dc5,1760514901513000000
e6bac60b-fba4-4556-88fb-1bce24dbb7d7,fdcce4b1-a629-474a-9805-6322a1b94dc5,1760514901563000000
e6bac60b-fba4-4556-88fb-1bce24dbb7d7,fdcce4b1-a629-474a-9805-6322a1b94dc5,1760514901613000000
e6bac60b-fba4-4556-88fb-1bce24dbb7d7,fdcce4b1-a629-474a-9805-6322a1b94dc5,1760514901663000000
e6bac60b-fba4-4556-88fb-1bce24dbb7d7,fdcce4b1-a629-474a-9805-6322a1b94dc5,1760514901713000000
e6bac60b-fba4-4556-88fb-1bce24dbb7d7,fdcce4b1-a629-474a-9805-6322a1b94dc5,1760514901763000000
e6bac60b-fba4-4556-88fb-1bce24dbb7d7,fdcce4b1-a629-474a-9805-6322a1b94dc5,1760514901813000000
e6bac60b-fba4-4556-88fb-1bce24dbb7d7,fdcce4b1-a629-474a-9805-6322a1b94dc5,1760514901863000000
e6bac60b-fba4-4556-88fb-1bce24dbb7d7,fdcce4b1-a629-474a-9805-6322a1b94dc5,1760514901913000000
e6bac60b-fba4-4556-88fb-1bce24dbb7d7,fdcce4b1-a629-474a-9805-6322a1b94dc5,1760514901963000000
e6bac60b-fba4-4556-88fb-1bce24dbb7d7,fdcce4b1-a629-474a-9805-6322a1b94dc5,1760514902004433333
e6bac60b-fba4-4556-88fb-1bce24dbb7d7,fdcce4b1-a629-474a-9805-6322a1b94dc5,1760514902037755555
e6bac60b-fba4-4556-88fb-1bce24dbb7d7,fdcce4b1-a629-474a-9805-6322a1b94dc5,1760514902071077777
e6bac60b-fba4-4556-88fb-1bce24dbb7d7,fdcce4b1-a629-474a-9805-6322a1b94dc5,1760514902104400000
e6bac60b-fba4-4556-88fb-1bce24dbb7d7,fdcce4b1-a629-474a-9805-6322a1b94dc5,1760514902137711111
e6bac60b-fba4-4556-88fb-1bce24dbb7d7,fdcce4b1-a629-474a-9805-6322a1b94dc5,1760514902171033333
e6bac60b-fba4-4556-88fb-1bce24dbb7d7,fdcce4b1-a629-474a-9805-6322a1b94dc5,1760514902204355555
e6bac60b-fba4-4556-88fb-1bce24dbb7d7,fdcce4b1-a629-474a-9805-6322a1b94dc5,1760514902237677777
e6bac60b-fba4-4556-88fb-1bce24dbb7d7,fdcce4b1-a629-474a-9805-6322a1b94dc5,1760514902271000000
e6bac60b-fba4-4556-88fb-1bce24dbb7d7,fdcce4b1-a629-474a-9805-6322a1b94dc5,1760514902304322222
e6bac60b-fba4-4556-88fb-1bce24dbb7d7,fdcce4b1-a629-474a-9805-6322a1b94dc5,1760514902337644444
e6bac60b-fba4-4556-88fb-1bce24dbb7d7,fdcce4b1-a629-474a-9805-6322a1b94dc5,1760514902370966666
e6bac60b-fba4-4556-88fb-1bce24dbb7d7,fdcce4b1-a629-474a-9805-6322a1b94dc5,1760514902404277777
e6bac60b-fba4-4556-88fb-1bce24dbb7d7,fdcce4b1-a629-474a-9805-6322a1b94dc5,1760514902437600000
e6bac60b-fba4-4556-88fb-1bce24dbb7d7,fdcce4b1-a629-474a-9805-6322a1b94dc5,1760514902470922222
e6bac60b-fba4-4556-88fb-1bce24dbb7d7,fdcce4b1-a629-474a-9805-6322a1b94dc5,1760514902504244444
e6bac60b-fba4-4556-88fb-1bce24dbb7d7,fdcce4b1-a629-474a-9805-6322a1b94dc5,1760514902537566666
e6bac60b-fba4-4556-88fb-1bce24dbb7d7,fdcce4b1-a629-474a-9805-6322a1b94dc5,1760514902570888888
e6bac60b-fba4-4556-88fb-1bce24dbb7d7,fdcce4b1-a629-474a-9805-6322a1b94dc5,1760514902604211111
e6bac60b-fba4-4556-88fb-1bce24dbb7d7,fdcce4b1-a629-474a-9805-6322a1b94dc5,1760514902637533333
e6bac60b-fba4-4556-88fb-1bce24dbb7d7,fdcce4b1-a629-474a-9805-6322a1b94dc5,1760514902670855555
e6bac60b-fba4-4556-88fb-1bce24dbb7d7,fdcce4b1-a629-474a-9805-6322a1b94dc5,1760514902704166666
e6bac60b-fba4-4556-88fb-1bce24dbb7d7,fdcce4b1-a629-474a-9805-6322a1b94dc5,1760514902737488888
e6bac60b-fba4-4556-88fb-1bce24dbb7d7,fdcce4b1-a629-474a-9805-6322a1b94dc5,1760514902770811111
e6bac60b-fba4-4556-88fb-1bce24dbb7d7,fdcce4b1-a629-474a-9805-6322a1b94dc5,1760514902804133333
e6bac60b-fba4-4556-88fb-1bce24dbb7d7,fdcce4b1-a629-474a-9805-6322a1b94dc5,1760514902837455555
e6bac60b-fba4-4556-88fb-1bce24dbb7d7,fdcce4b1-a629-474a-9805-6322a1b94dc5,1760514902870777777
e6bac60b-fba4-4556-88fb-1bce24dbb7d7,fdcce4b1-a629-474a-9805-6322a1b94dc5,1760514902904100000
e6bac60b-fba4-4556-88fb-1bce24dbb7d7,fdcce4b1-a629-474a-9805-6322a1b94dc5,1760514902937422222
e6bac60b-fba4-4556-88fb-1bce24dbb7d7,fdcce4b1-a629-474a-9805-6322a1b94dc5,1760514902970733333
e6bac60b-fba4-4556-88fb-1bce24dbb7d7,fdcce4b1-a629-474a-9805-6322a1b94dc5,1760514903004055555
e6bac60b-fba4-4556-88fb-1bce24dbb7d7,fdcce4b1-a629-474a-9805-6322a1b94dc5,1760514903037377777
e6bac60b-fba4-4556-88fb-1bce24dbb7d7,fdcce4b1-a629-474a-9805-6322a1b94dc5,1760514903070700000
e6bac60b-fba4-4556-88fb-1bce24dbb7d7,fdcce4b1-a629-474a-9805-6322a1b94dc5,1760514903104022222
e6bac60b-fba4-4556-88fb-1bce24dbb7d7,fdcce4b1-a629-474a-9805-6322a1b94dc5,1760514903137344444
e6bac60b-fba4-4556-88fb-1bce24dbb7d7,fdcce4b1-a629-474a-9805-6322a1b94dc5,1760514903170666666
e6bac60b-fba4-4556-88fb-1bce24dbb7d7,fdcce4b1-a629-474a-9805-6322a1b94dc5,1760514903203988888
e6bac60b-fba4-4556-88fb-1bce24dbb7d7,fdcce4b1-a629-474a-9805-6322a1b94dc5,1760514903237300000
e6bac60b-fba4-4556-88fb-1bce24dbb7d7,fdcce4b1-a629-474a-9805-6322a1b94dc5,1760514903270622222
e6bac60b-fba4-4556-88fb-1bce24dbb7d7,fdcce4b1-a629-474a-9805-6322a1b94dc5,1760514903303944444
e6bac60b-fba4-4556-88fb-1bce24dbb7d7,fdcce4b1-a629-474a-9805-6322a1b94dc5,1760514903337266666
e6bac60b-fba4-4556-88fb-1bce24dbb7d7,fdcce4b1-a629-474a-9805-6322a1b94dc5,1760514903370588888
e6bac60b-fba4-4556-88fb-1bce24dbb7d7,fdcce4b1-a629-474a-9805-6322a1b94dc5,1760514903403911111
e6bac60b-fba4-4556-88fb-1bce24dbb7d7,fdcce4b1-a629-474a-9805-6322a1b94dc5,1760514903437233333
e6bac60b-fba4-4556-88fb-1bce24dbb7d7,fdcce4b1-a629-474a-9805-6322a1b94dc5,1760514903470555555
e6bac60b-fba4-4556-88fb-1bce24dbb7d7,fdcce4b1-a629-474a-9805-6322a1b94dc5,1760514903503877777
e6bac60b-fba4-4556-88fb-1bce24dbb7d7,fdcce4b1-a629-474a-9805-6322a1b94dc5,1760514903537188888
e6bac60b-fba4-4556-88fb-1bce24dbb7d7,fdcce4b1-a629-474a-9805-6322a1b94dc5,1760514903570511111
e6bac60b-fba4-4556-88fb-1bce24dbb7d7,fdcce4b1-a629-474a-9805-6322a1b94dc5,1760514903603833333
e6bac60b-fba4-4556-88fb-1bce24dbb7d7,fdcce4b1-a629-474a-9805-6322a1b94dc5,1760514903637155555
e6bac60b-fba4-4556-88fb-1bce24dbb7d7,fdcce4b1-a629-474a-9805-6322a1b94dc5,1760514903670477777
e6bac60b-fba4-4556-88fb-1bce24dbb7d7,fdcce4b1-a629-474a-9805-6322a1b94dc5,1760514903703800000
e6bac60b-fba4-4556-88fb-1bce24dbb7d7,fdcce4b1-a629-474a-9805-6322a1b94dc5,1760514903737122222
e6bac60b-fba4-4556-88fb-1bce24dbb7d7,fdcce4b1-a629-474a-9805-6322a1b94dc5,1760514903770444444
e6bac60b-fba4-4556-88fb-1bce24dbb7d7,fdcce4b1-a629-474a-9805-6322a1b94dc5,1760514903803755555
e6bac60b-fba4-4556-88fb-1bce24dbb7d7,fdcce4b1-a629-474a-9805-6322a1b94dc5,1760514903837077777
e6bac60b-fba4-4556-88fb-1bce24dbb7d7,fdcce4b1-a629-474a-9805-6322a1b94dc5,1760514903870400000
e6bac60b-fba4-4556-88fb-1bce24dbb7d7,fdcce4b1-a629-474a-9805-6322a1b94dc5,1760514903903722222
e6bac60b-fba4-4556-88fb-1bce24dbb7d7,fdcce4b1-a629-474a-9805-6322a1b94dc5,1760514903937044444
e6bac60b-fba4-4556-88fb-1bce24dbb7d7,fdcce4b1-a629-474a-9805-6322a1b94dc5,1760514903970366666
e6bac60b-fba4-4556-88fb-1bce24dbb7d7,fdcce4b1-a629-474a-9805-6322a1b94dc5,1760514904003688888
e6bac60b-fba4-4556-88fb-1bce24dbb7d7,fdcce4b1-a629-474a-9805-6322a1b94dc5,1760514904037011111
e6bac60b-fba4-4556-88fb-1bce24dbb7d7,fdcce4b1-a629-474a-9805-6322a1b94dc5,1760514904070322222
e6bac60b-fba4-4556-88fb-1bce24dbb7d7,fdcce4b1-a629-474a-9805-6322a1b94dc5,1760514904103644444
e6bac60b-fba4-4556-88fb-1bce24dbb7d7,fdcce4b1-a629-474a-9805-6322a1b94dc5,1760514904136966666
e6bac60b-fba4-4556-88fb-1bce24dbb7d7,fdcce4b1-a629-474a-9805-6322a1b94dc5,1760514904170288888
e6bac60b-fba4-4556-88fb-1bce24dbb7d7,fdcce4b1-a629-474a-9805-6322a1b94dc5,1760514904203611111
e6bac60b-fba4-4556-88fb-1bce24dbb7d7,fdcce4b1-a629-474a-9805-6322a1b94dc5,1760514904236933333
e6bac60b-fba4-4556-88fb-1bce24dbb7d7,fdcce4b1-a629-474a-9805-6322a1b94dc5,1760514904270255555
e6bac60b-fba4-4556-88fb-1bce24dbb7d7,fdcce4b1-a629-474a-9805-6322a1b94dc5,1760514904303577777
e6bac60b-fba4-4556-88fb-1bce24dbb7d7,fdcce4b1-a629-474a-9805-6322a1b94dc5,1760514904336888888
e6bac60b-fba4-4556-88fb-1bce24dbb7d7,fdcce4b1-a629-474a-9805-6322a1b94dc5,1760514904370211111
e6bac60b-fba4-4556-88fb-1bce24dbb7d7,fdcce4b1-a629-474a-9805-6322a1b94dc5,1760514904403533333
e6bac60b-fba4-4556-88fb-1bce24dbb7d7,fdcce4b1-a629-474a-9805-6322a1b94dc5,1760514904436855555
e6bac60b-fba4-4556-88fb-1bce24dbb7d7,fdcce4b1-a629-474a-9805-6322a1b94dc5,1760514904470177777
e6bac60b-fba4-4556-88fb-1bce24dbb7d7,fdcce4b1-a629-474a-9805-6322a1b94dc5,1760514904503500000
e6bac60b-fba4-4556-88fb-1bce24dbb7d7,fdcce4b1-a629-474a-9805-6322a1b94dc5,1760514904536822222
e6bac60b-fba4-4556-88fb-1bce24dbb7d7,fdcce4b1-a629-474a-9805-6322a1b94dc5,1760514904570144444
e6bac60b-fba4-4556-88fb-1bce24dbb7d7,fdcce4b1-a629-474a-9805-6322a1b94dc5,1760514904603466666
e6bac60b-fba4-4556-88fb-1bce24dbb7d7,fdcce4b1-a629-474a-9805-6322a1b94dc5,1760514904636777777
e6bac60b-fba4-4556-88fb-1bce24dbb7d7,fdcce4b1-a629-474a-9805-6322a1b94dc5,1760514904670100000
e6bac60b-fba4-4556-88fb-1bce24dbb7d7,fdcce4b1-a629-474a-9805-6322a1b94dc5,1760514904703422222
e6bac60b-fba4-4556-88fb-1bce24dbb7d7,fdcce4b1-a629-474a-9805-6322a1b94dc5,1760514904736744444
e6bac60b-fba4-4556-88fb-1bce24dbb7d7,fdcce4b1-a629-474a-9805-6322a1b94dc5,1760514904770066666
e6bac60b-fba4-4556-88fb-1bce24dbb7d7,fdcce4b1-a629-474a-9805-6322a1b94dc5,1760514904803388888
e6bac60b-fba4-4556-88fb-1bce24dbb7d7,fdcce4b1-a629-474a-9805-6322a1b94dc5,1760514904836711111
e6bac60b-fba4-4556-88fb-1bce24dbb7d7,fdcce4b1-a629-474a-9805-6322a1b94dc5,1760514904870033333
e6bac60b-fba4-4556-88fb-1bce24dbb7d7,fdcce4b1-a629-474a-9805-6322a1b94dc5,1760514904903344444
e6bac60b-fba4-4556-88fb-1bce24dbb7d7,fdcce4b1-a629-474a-9805-6322a1b94dc5,1760514904936666666
e6bac60b-fba4-4556-88fb-1bce24dbb7d7,fdcce4b1-a629-474a-9805-6322a1b94dc5,1760514904969988888
e6bac60b-fba4-4556-88fb-1bce24dbb7d7,fdcce4b1-a629-474a-9805-6322a1b94dc5,1760514905003311111
e6bac60b-fba4-4556-88fb-1bce24dbb7d7,fdcce4b1-a629-474a-9805-6322a1b94dc5,1760514905036633333
e6bac60b-fba4-4556-88fb-1bce24dbb7d7,fdcce4b1-a629-474a-9805-6322a1b94dc5,1760514905069955555
e6bac60b-fba4-4556-88fb-1bce24dbb7d7,fdcce4b1-a629-474a-9805-6322a1b94dc5,1760514905103277777
e6bac60b-fba4-4556-88fb-1bce24dbb7d7,fdcce4b1-a629-474a-9805-6322a1b94dc5,1760514905136600000
e6bac60b-fba4-4556-88fb-1bce24dbb7d7,fdcce4b1-a629-474a-9805-6322a1b94dc5,1760514905169911111
e6bac60b-fba4-4556-88fb-1bce24dbb7d7,fdcce4b1-a629-474a-9805-6322a1b94dc5,1760514905203233333
e6bac60b-fba4-4556-88fb-1bce24dbb7d7,fdcce4b1-a629-474a-9805-6322a1b94dc5,1760514905236555555
e6bac60b-fba4-4556-88fb-1bce24dbb7d7,fdcce4b1-a629-474a-9805-6322a1b94dc5,1760514905269877777
e6bac60b-fba4-4556-88fb-1bce24dbb7d7,fdcce4b1-a629-474a-9805-6322a1b94dc5,1760514905303200000
e6bac60b-fba4-4556-88fb-1bce24dbb7d7,fdcce4b1-a629-474a-9805-6322a1b94dc5,1760514905336522222
e6bac60b-fba4-4556-88fb-1bce24dbb7d7,fdcce4b1-a629-474a-9805-6322a1b94dc5,1760514905369844444
e6bac60b-fba4-4556-88fb-1bce24dbb7d7,fdcce4b1-a629-474a-9805-6322a1b94dc5,1760514905403166666
e6bac60b-fba4-4556-88fb-1bce24dbb7d7,fdcce4b1-a629-474a-9805-6322a1b94dc5,1760514905436477777
e6bac60b-fba4-4556-88fb-1bce24dbb7d7,fdcce4b1-a629-474a-9805-6322a1b94dc5,1760514905469800000
e6bac60b-fba4-4556-88fb-1bce24dbb7d7,fdcce4b1-a629-474a-9805-6322a1b94dc5,1760514905503122222
e6bac60b-fba4-4556-88fb-1bce24dbb7d7,fdcce4b1-a629-474a-9805-6322a1b94dc5,1760514905536444444
e6bac60b-fba4-4556-88fb-1bce24dbb7d7,fdcce4b1-a629-474a-9805-6322a1b94dc5,1760514905569766666
e6bac60b-fba4-4556-88fb-1bce24dbb7d7,fdcce4b1-a629-474a-9805-6322a1b94dc5,1760514905603088888
e6bac60b-fba4-4556-88fb-1bce24dbb7d7,fdcce4b1-a629-474a-9805-6322a1b94dc5,1760514905636411111
e6bac60b-fba4-4556-88fb-1bce24dbb7d7,fdcce4b1-a629-474a-9805-6322a1b94dc5,1760514905669733333
e6bac60b-fba4-4556-88fb-1bce24dbb7d7,fdcce4b1-a629-474a-9805-6322a1b94dc5,1760514905703055555
e6bac60b-fba4-4556-88fb-1bce24dbb7d7,fdcce4b1-a629-474a-9805-6322a1b94dc5,1760514905736366666
e6bac60b-fba4-4556-88fb-1bce24dbb7d7,fdcce4b1-a629-474a-9805-6322a1b94dc5,1760514905769688888
e6bac60b-fba4-4556-88fb-1bce24dbb7d7,fdcce4b1-a629-474a-9805-6322a1b94dc5,1760514905803011111
e6bac60b-fba4-4556-88fb-1bce24dbb7d7,fdcce4b1-a629-474a-9805-6322a1b94dc5,1760514905836333333
e6bac60b-fba4-4556-88fb-1bce24dbb7d7,fdcce4b1-a629-474a-9805-6322a1b94dc5,1760514905869655555
e6bac60b-fba4-4556-88fb-1bce24dbb7d7,fdcce4b1-a629-474a-9805-6322a1b94dc5,1760514905902977777
e6bac60b-fba4-4556-88fb-1bce24dbb7d7,fdcce4b1-a629-474a-9805-6322a1b94dc5,1760514905936300000
e6bac60b-fba4-4556-88fb-1bce24dbb7d7,fdcce4b1-a629-474a-9805-6322a1b94dc5,1760514905969622222
e6bac60b-fba4-4556-88fb-1bce24dbb7d7,fdcce4b1-a629-474a-9805-6322a1b94dc5,1760514906002933333
e6bac60b-fba4-4556-88fb-1bce24dbb7d7,fdcce4b1-a629-474a-9805-6322a1b94dc5,1760514906036255555
e6bac60b-fba4-4556-88fb-1bce24dbb7d7,fdcce4b1-a629-474a-9805-6322a1b94dc5,1760514906069577777
e6bac60b-fba4-4556-88fb-1bce24dbb7d7,fdcce4b1-a629-474a-9805-6322a1b94dc5,1760514906102900000
e6bac60b-fba4-4556-88fb-1bce24dbb7d7,fdcce4b1-a629-474a-9805-6322a1b94dc5,1760514906136222222
e6bac60b-fba4-4556-88fb-1bce24dbb7d7,fdcce4b1-a629-474a-9805-6322a1b94dc5,1760514906169544444
e6bac60b-fba4-4556-88fb-1bce24dbb7d7,fdcce4b1-a629-474a-9805-6322a1b94dc5,1760514906202866666
e6bac60b-fba4-4556-88fb-1bce24dbb7d7,fdcce4b1-a629-474a-9805-6322a1b94dc5,1760514906236188888
e6bac60b-fba4-4556-88fb-1bce24dbb7d7,fdcce4b1-a629-474a-9805-6322a1b94dc5,1760514906269500000
e6bac60b-fba4-4556-88fb-1bce24dbb7d7,fdcce4b1-a629-474a-9805-6322a1b94dc5,1760514906302822222
e6bac60b-fba4-4556-88fb-1bce24dbb7d7,fdcce4b1-a629-474a-9805-6322a1b94dc5,1760514906336144444
e6bac60b-fba4-4556-88fb-1bce24dbb7d7,fdcce4b1-a629-474a-9805-6322a1b94dc5,1760514906369466666
e6bac60b-fba4-4556-88fb-1bce24dbb7d7,fdcce4b1-a629-474a-9805-6322a1b94dc5,1760514906402788888
e6bac60b-fba4-4556-88fb-1bce24dbb7d7,fdcce4b1-a629-474a-9805-6322a1b94dc5,1760514906436111111
e6bac60b-fba4-4556-88fb-1bce24dbb7d7,fdcce4b1-a629-474a-9805-6322a1b94dc5,1760514906469433333
e6bac60b-fba4-4556-88fb-1bce24dbb7d7,fdcce4b1-a629-474a-9805-6322a1b94dc5,1760514906502755555
e6bac60b-fba4-4556-88fb-1bce24dbb7d7,fdcce4b1-a629-474a-9805-6322a1b94dc5,1760514906536077777
e6bac60b-fba4-4556-88fb-1bce24dbb7d7,fdcce4b1-a629-474a-9805-6322a1b94dc5,1760514906569388888
e6bac60b-fba4-4556-88fb-1bce24dbb7d7,fdcce4b1-a629-474a-9805-6322a1b94dc5,1760514906602711111
e6bac60b-fba4-4556-88fb-1bce24dbb7d7,fdcce4b1-a629-474a-9805-6322a1b94dc5,1760514906636033333
e6bac60b-fba4-4556-88fb-1bce24dbb7d7,fdcce4b1-a629-474a-9805-6322a1b94dc5,1760514906669355555
e6bac60b-fba4-4556-88fb-1bce24dbb7d7,fdcce4b1-a629-474a-9805-6322a1b94dc5,1760514906702677777
e6bac60b-fba4-4556-88fb-1bce24dbb7d7,fdcce4b1-a629-474a-9805-6322a1b94dc5,1760514906736000000
e6bac60b-fba4-4556-88fb-1bce24dbb7d7,fdcce4b1-a629-474a-9805-6322a1b94dc5,1760514906769322222
e6bac60b-fba4-4556-88fb-1bce24dbb7d7,fdcce4b1-a629-474a-9805-6322a1b94dc5,1760514906802644444
e6bac60b-fba4-4556-88fb-1bce24dbb7d7,fdcce4b1-a629-474a-9805-6322a1b94dc5,1760514906835955555
e6bac60b-fba4-4556-88fb-1bce24dbb7d7,fdcce4b1-a629-474a-9805-6322a1b94dc5,1760514906869277777
e6bac60b-fba4-4556-88fb-1bce24dbb7d7,fdcce4b1-a629-474a-9805-6322a1b94dc5,1760514906902600000
e6bac60b-fba4-4556-88fb-1bce24dbb7d7,fdcce4b1-a629-474a-9805-6322a1b94dc5,1760514906935922222
e6bac60b-fba4-4556-88fb-1bce24dbb7d7,fdcce4b1-a629-474a-9805-6322a1b94dc5,1760514906969244444
e6bac60b-fba4-4556-88fb-1bce24dbb7d7,fdcce4b1-a629-474a-9805-6322a1b94dc5,1760514907002566666
e6bac60b-fba4-4556-88fb-1bce24dbb7d7,fdcce4b1-a629-474a-9805-6322a1b94dc5,1760514907035888888
e6bac60b-fba4-4556-88fb-1bce24dbb7d7,fdcce4b1-a629-474a-9805-6322a1b94dc5,1760514907069211111
e6bac60b-fba4-4556-88fb-1bce24dbb7d7,fdcce4b1-a629-474a-9805-6322a1b94dc5,1760514907102522222
e6bac60b-fba4-4556-88fb-1bce24dbb7d7,fdcce4b1-a629-474a-9805-6322a1b94dc5,1760514907135844444
e6bac60b-fba4-4556-88fb-1bce24dbb7d7,fdcce4b1-a629-474a-9805-6322a1b94dc5,1760514907169166666
e6bac60b-fba4-4556-88fb-1bce24dbb7d7,fdcce4b1-a629-474a-9805-6322a1b94dc5,1760514907202488888
e6bac60b-fba4-4556-88fb-1bce24dbb7d7,fdcce4b1-a629-474a-9805-6322a1b94dc5,1760514907235811111
e6bac60b-fba4-4556-88fb-1bce24dbb7d7,fdcce4b1-a629-474a-9805-6322a1b94dc5,1760514907269133333
e6bac60b-fba4-4556-88fb-1bce24dbb7d7,fdcce4b1-a629-474a-9805-6322a1b94dc5,1760514907302455555
e6bac60b-fba4-4556-88fb-1bce24dbb7d7,fdcce4b1-a629-474a-9805-6322a1b94dc5,1760514907335777777
e6bac60b-fba4-4556-88fb-1bce24dbb7d7,fdcce4b1-a629-474a-9805-6322a1b94dc5,1760514907369088888
e6bac60b-fba4-4556-88fb-1bce24dbb7d7,fdcce4b1-a629-474a-9805-6322a1b94dc5,1760514907402411111
e6bac60b-fba4-4556-88fb-1bce24dbb7d7,fdcce4b1-a629-474a-9805-6322a1b94dc5,1760514907435733333
e6bac60b-fba4-4556-88fb-1bce24dbb7d7,fdcce4b1-a629-474a-9805-6322a1b94dc5,1760514907469055555
e6bac60b-fba4-4556-88fb-1bce24dbb7d7,fdcce4b1-a629-474a-9805-6322a1b94dc5,1760514907502377777
e6bac60b-fba4-4556-88fb-1bce24dbb7d7,fdcce4b1-a629-474a-9805-6322a1b94dc5,1760514907535700000
e6bac60b-fba4-4556-88fb-1bce24dbb7d7,fdcce4b1-a629-474a-9805-6322a1b94dc5,1760514907569022222
e6bac60b-fba4-4556-88fb-1bce24dbb7d7,fdcce4b1-a629-474a-9805-6322a1b94dc5,1760514907602344444
e6bac60b-fba4-4556-88fb-1bce24dbb7d7,fdcce4b1-a629-474a-9805-6322a1b94dc5,1760514907635666666
e6bac60b-fba4-4556-88fb-1bce24dbb7d7,fdcce4b1-a629-474a-9805-6322a1b94dc5,1760514907668977777
e6bac60b-fba4-4556-88fb-1bce24dbb7d7,fdcce4b1-a629-474a-9805-6322a1b94dc5,1760514907702300000
e6bac60b-fba4-4556-88fb-1bce24dbb7d7,fdcce4b1-a629-474a-9805-6322a1b94dc5,1760514907735622222
e6bac60b-fba4-4556-88fb-1bce24dbb7d7,fdcce4b1-a629-474a-9805-6322a1b94dc5,1760514907768944444
e6bac60b-fba4-4556-88fb-1bce24dbb7d7,fdcce4b1-a629-474a-9805-6322a1b94dc5,1760514907802266666
e6bac60b-fba4-4556-88fb-1bce24dbb7d7,fdcce4b1-a629-474a-9805-6322a1b94dc5,1760514907835588888
e6bac60b-fba4-4556-88fb-1bce24dbb7d7,fdcce4b1-a629-474a-9805-6322a1b94dc5,1760514907868911111
e6bac60b-fba4-4556-88fb-1bce24dbb7d7,fdcce4b1-a629-474a-9805-6322a1b94dc5,1760514907902233333
e6bac60b-fba4-4556-88fb-1bce24dbb7d7,fdcce4b1-a629-474a-9805-6322a1b94dc5,1760514907935544444
e6bac60b-fba4-4556-88fb-1bce24dbb7d7,fdcce4b1-a629-474a-9805-6322a1b94dc5,1760514907968866666
e6bac60b-fba4-4556-88fb-1bce24dbb7d7,fdcce4b1-a629-474a-9805-6322a1b94dc5,1760514908002188888
e6bac60b-fba4-4556-88fb-1bce24dbb7d7,fdcce4b1-a629-474a-9805-6322a1b94dc5,1760514908035511111
e6bac60b-fba4-4556-88fb-1bce24dbb7d7,fdcce4b1-a629-474a-9805-6322a1b94dc5,1760514908068833333
e6bac60b-fba4-4556-88fb-1bce24dbb7d7,fdcce4b1-a629-474a-9805-6322a1b94dc5,1760514908102155555
e6bac60b-fba4-4556-88fb-1bce24dbb7d7,fdcce4b1-a629-474a-9805-6322a1b94dc5,1760514908135477777
e6bac60b-fba4-4556-88fb-1bce24dbb7d7,fdcce4b1-a629-474a-9805-6322a1b94dc5,1760514908168800000
e6bac60b-fba4-4556-88fb-1bce24dbb7d7,fdcce4b1-a629-474a-9805-6322a1b94dc5,1760514908202111111
e6bac60b-fba4-4556-88fb-1bce24dbb7d7,fdcce4b1-a629-474a-9805-6322a1b94dc5,1760514908235433333
e6bac60b-fba4-4556-88fb-1bce24dbb7d7,fdcce4b1-a629-474a-9805-6322a1b94dc5,1760514908268755555
e6bac60b-fba4-4556-88fb-1bce24dbb7d7,fdcce4b1-a629-474a-9805-6322a1b94dc5,1760514908302077777
e6bac60b-fba4-4556-88fb-1bce24dbb7d7,fdcce4b1-a629-474a-9805-6322a1b94dc5,1760514908335400000
e6bac60b-fba4-4556-88fb-1bce24dbb7d7,fdcce4b1-a629-474a-9805-6322a1b94dc5,1760514908368722222
e6bac60b-fba4-4556-88fb-1bce24dbb7d7,fdcce4b1-a629-474a-9805-6322a1b94dc5,1760514908402044444
e6bac60b-fba4-4556-88fb-1bce24dbb7d7,fdcce4b1-a629-474a-9805-6322a1b94dc5,1760514908435366666
e6bac60b-fba4-4556-88fb-1bce24dbb7d7,fdcce4b1-a629-474a-9805-6322a1b94dc5,1760514908468677777
e6bac60b-fba4-4556-88fb-1bce24dbb7d7,fdcce4b1-a629-474a-9805-6322a1b94dc5,1760514908502000000
e6bac60b-fba4-4556-88fb-1bce24dbb7d7,fdcce4b1-a629-474a-9805-6322a1b94dc5,1760514908535322222
e6bac60b-fba4-4556-88fb-1bce24dbb7d7,fdcce4b1-a629-474a-9805-6322a1b94dc5,1760514908568644444
e6bac60b-fba4-4556-88fb-1bce24dbb7d7,fdcce4b1-a629-474a-9805-6322a1b94dc5,1760514908601966666
e6bac60b-fba4-4556-88fb-1bce24dbb7d7,fdcce4b1-a629-474a-9805-6322a1b94dc5,1760514908635288888
e6bac60b-fba4-4556-88fb-1bce24dbb7d7,fdcce4b1-a629-474a-9805-6322a1b94dc5,1760514908668611111
e6bac60b-fba4-4556-88fb-1bce24dbb7d7,fdcce4b1-a629-474a-9805-6322a1b94dc5,1760514908701933333
e6bac60b-fba4-4556-88fb-1bce24dbb7d7,fdcce4b1-a629-474a-9805-6322a1b94dc5,1760514908735255555
e6bac60b-fba4-4556-88fb-1bce24dbb7d7,fdcce4b1-a629-474a-9805-6322a1b94dc5,1760514908768566666
e6bac60b-fba4-4556-88fb-1bce24dbb7d7,fdcce4b1-a629-474a-9805-6322a1b94dc5,1760514908801888888
e6bac60b-fba4-4556-88fb-1bce24dbb7d7,fdcce4b1-a629-474a-9805-6322a1b94dc5,1760514908835211111
e6bac60b-fba4-4556-88fb-1bce24dbb7d7,fdcce4b1-a629-474a-9805-6322a1b94dc5,1760514908868533333
e6bac60b-fba4-4556-88fb-1bce24dbb7d7,fdcce4b1-a629-474a-9805-6322a1b94dc5,1760514908901855555
e6bac60b-fba4-4556-88fb-1bce24dbb7d7,fdcce4b1-a629-474a-9805-6322a1b94dc5,1760514908935177777
e6bac60b-fba4-4556-88fb-1bce24dbb7d7,fdcce4b1-a629-474a-9805-6322a1b94dc5,1760514908968500000
e6bac60b-fba4-4556-88fb-1bce24dbb7d7,fdcce4b1-a629-474a-9805-6322a1b94dc5,1760514909001822222
e6bac60b-fba4-4556-88fb-1bce24dbb7d7,fdcce4b1-a629-474a-9805-6322a1b94dc5,1760514909035133333
e6bac60b-fba4-4556-88fb-1bce24dbb7d7,fdcce4b1-a629-474a-9805-6322a1b94dc5,1760514909068455555
e6bac60b-fba4-4556-88fb-1bce24dbb7d7,fdcce4b1-a629-474a-9805-6322a1b94dc5,1760514909101777777
e6bac60b-fba4-4556-88fb-1bce24dbb7d7,fdcce4b1-a629-474a-9805-6322a1b94dc5,1760514909135099999
e6bac60b-fba4-4556-88fb-1bce24dbb7d7,fdcce4b1-a629-474a-9805-6322a1b94dc5,1760514909168422222
e6bac60b-fba4-4556-88fb-1bce24dbb7d7,fdcce4b1-a629-474a-9805-6322a1b94dc5,1760514909201744444
e6bac60b-fba4-4556-88fb-1bce24dbb7d7,fdcce4b1-a629-474a-9805-6322a1b94dc5,1760514909235066666
e6bac60b-fba4-4556-88fb-1bce24dbb7d7,fdcce4b1-a629-474a-9805-6322a1b94dc5,1760514909268388888
e6bac60b-fba4-4556-88fb-1bce24dbb7d7,fdcce4b1-a629-474a-9805-6322a1b94dc5,1760514909301700000
e6bac60b-fba4-4556-88fb-1bce24dbb7d7,fdcce4b1-a629-474a-9805-6322a1b94dc5,1760514909335022222
e6bac60b-fba4-4556-88fb-1bce24dbb7d7,fdcce4b1-a629-474a-9805-6322a1b94dc5,1760514909368344444
e6bac60b-fba4-4556-88fb-1bce24dbb7d7,fdcce4b1-a629-474a-9805-6322a1b94dc5,1760514909401666666
e6bac60b-fba4-4556-88fb-1bce24dbb7d7,fdcce4b1-a629-474a-9805-6322a1b94dc5,1760514909434988888
e6bac60b-fba4-4556-88fb-1bce24dbb7d7,fdcce4b1-a629-474a-9805-6322a1b94dc5,1760514909468311111
e6bac60b-fba4-4556-88fb-1bce24dbb7d7,fdcce4b1-a629-474a-9805-6322a1b94dc5,1760514909501633333
e6bac60b-fba4-4556-88fb-1bce24dbb7d7,fdcce4b1-a629-474a-9805-6322a1b94dc5,1760514909534955555
e6bac60b-fba4-4556-88fb-1bce24dbb7d7,fdcce4b1-a629-474a-9805-6322a1b94dc5,1760514909568277777
e6bac60b-fba4-4556-88fb-1bce24dbb7d7,fdcce4b1-a629-474a-9805-6322a1b94dc5,1760514909601588888
e6bac60b-fba4-4556-88fb-1bce24dbb7d7,fdcce4b1-a629-474a-9805-6322a1b94dc5,1760514909634911111
e6bac60b-fba4-4556-88fb-1bce24dbb7d7,fdcce4b1-a629-474a-9805-6322a1b94dc5,1760514909668233333
e6bac60b-fba4-4556-88fb-1bce24dbb7d7,fdcce4b1-a629-474a-9805-6322a1b94dc5,1760514909701555555
e6bac60b-fba4-4556-88fb-1bce24dbb7d7,fdcce4b1-a629-474a-9805-6322a1b94dc5,1760514909734877777
e6bac60b-fba4-4556-88fb-1bce24dbb7d7,fdcce4b1-a629-474a-9805-6322a1b94dc5,1760514909768200000
e6bac60b-fba4-4556-88fb-1bce24dbb7d7,fdcce4b1-a629-474a-9805-6322a1b94dc5,1760514909801522222
e6bac60b-fba4-4556-88fb-1bce24dbb7d7,fdcce4b1-a629-474a-9805-6322a1b94dc5,1760514909834844444
e6bac60b-fba4-4556-88fb-1bce24dbb7d7,fdcce4b1-a629-474a-9805-6322a1b94dc5,1760514909868155555
e6bac60b-fba4-4556-88fb-1bce24dbb7d7,fdcce4b1-a629-474a-9805-6322a1b94dc5,1760514909901477777
e6bac60b-fba4-4556-88fb-1bce24dbb7d7,fdcce4b1-a629-474a-9805-6322a1b94dc5,1760514909934800000
e6bac60b-fba4-4556-88fb-1bce24dbb7d7,fdcce4b1-a629-474a-9805-6322a1b94dc5,1760514909968122222
e6bac60b-fba4-4556-88fb-1bce24dbb7d7,fdcce4b1-a629-474a-9805-6322a1b94dc5,1760514910001444444
e6bac60b-fba4-4556-88fb-1bce24dbb7d7,fdcce4b1-a629-474a-9805-6322a1b94dc5,1760514910034766666
e6bac60b-fba4-4556-88fb-1bce24dbb7d7,fdcce4b1-a629-474a-9805-6322a1b94dc5,1760514910068088888
e6bac60b-fba4-4556-88fb-1bce24dbb7d7,fdcce4b1-a629-474a-9805-6322a1b94dc5,1760514910101411111
e6bac60b-fba4-4556-88fb-1bce24dbb7d7,fdcce4b1-a629-474a-9805-6322a1b94dc5,1760514910134722222
e6bac60b-fba4-4556-88fb-1bce24dbb7d7,fdcce4b1-a629-474a-9805-6322a1b94dc5,1760514910168044444
e6bac60b-fba4-4556-88fb-1bce24dbb7d7,fdcce4b1-a629-474a-9805-6322a1b94dc5,1760514910201366666
e6bac60b-fba4-4556-88fb-1bce24dbb7d7,fdcce4b1-a629-474a-9805-6322a1b94dc5,1760514910234688888
e6bac60b-fba4-4556-88fb-1bce24dbb7d7,fdcce4b1-a629-474a-9805-6322a1b94dc5,1760514910268011111
e6bac60b-fba4-4556-88fb-1bce24dbb7d7,fdcce4b1-a629-474a-9805-6322a1b94dc5,1760514910301333333
e6bac60b-fba4-4556-88fb-1bce24dbb7d7,fdcce4b1-a629-474a-9805-6322a1b94dc5,1760514910334655555
e6bac60b-fba4-4556-88fb-1bce24dbb7d7,fdcce4b1-a629-474a-9805-6322a1b94dc5,1760514910367977777
e6bac60b-fba4-4556-88fb-1bce24dbb7d7,fdcce4b1-a629-474a-9805-6322a1b94dc5,1760514910401288888
e6bac60b-fba4-4556-88fb-1bce24dbb7d7,fdcce4b1-a629-474a-9805-6322a1b94dc5,1760514910434611111
e6bac60b-fba4-4556-88fb-1bce24dbb7d7,fdcce4b1-a629-474a-9805-6322a1b94dc5,1760514910467933333
e6bac60b-fba4-4556-88fb-1bce24dbb7d7,fdcce4b1-a629-474a-9805-6322a1b94dc5,1760514910501255555
e6bac60b-fba4-4556-88fb-1bce24dbb7d7,fdcce4b1-a629-474a-9805-6322a1b94dc5,1760514910534577777
e6bac60b-fba4-4556-88fb-1bce24dbb7d7,fdcce4b1-a629-474a-9805-6322a1b94dc5,1760514910567900000
e6bac60b-fba4-4556-88fb-1bce24dbb7d7,fdcce4b1-a629-474a-9805-6322a1b94dc5,1760514910601222222
e6bac60b-fba4-4556-88fb-1bce24dbb7d7,fdcce4b1-a629-474a-9805-6322a1b94dc5,1760514910634544444
e6bac60b-fba4-4556-88fb-1bce24dbb7d7,fdcce4b1-a629-474a-9805-6322a1b94dc5,1760514910667866666
e6bac60b-fba4-4556-88fb-1bce24dbb7d7,fdcce4b1-a629-474a-9805-6322a1b94dc5,1760514910701177777
e6bac60b-fba4-4556-88fb-1bce24dbb7d7,fdcce4b1-a629-474a-9805-6322a1b94dc5,1760514910734500000
e6bac60b-fba4-4556-88fb-1bce24dbb7d7,fdcce4b1-a629-474a-9805-6322a1b94dc5,1760514910767822222
e6bac60b-fba4-4556-88fb-1bce24dbb7d7,fdcce4b1-a629-474a-9805-6322a1b94dc5,1760514910801144444
e6bac60b-fba4-4556-88fb-1bce24dbb7d7,fdcce4b1-a629-474a-9805-6322a1b94dc5,1760514910834466666
e6bac60b-fba4-4556-88fb-1bce24dbb7d7,fdcce4b1-a629-474a-9805-6322a1b94dc5,1760514910867788888
e6bac60b-fba4-4556-88fb-1bce24dbb7d7,fdcce4b1-a629-474a-9805-6322a1b94dc5,1760514910901111111
e6bac60b-fba4-4556-88fb-1bce24dbb7d7,fdcce4b1-a629-474a-9805-6322a1b94dc5,1760514910934433333
e6bac60b-fba4-4556-88fb-1bce24dbb7d7,fdcce4b1-a629-474a-9805-6322a1b94dc5,1760514910967744444
e6bac60b-fba4-4556-88fb-1bce24dbb7d7,fdcce4b1-a629-474a-9805-6322a1b94dc5,1760514911001066666
e6bac60b-fba4-4556-88fb-1bce24dbb7d7,fdcce4b1-a629-474a-9805-6322a1b94dc5,1760514911034388888
e6bac60b-fba4-4556-88fb-1bce24dbb7d7,fdcce4b1-a629-474a-9805-6322a1b94dc5,1760514911067711111
e6bac60b-fba4-4556-88fb-1bce24dbb7d7,fdcce4b1-a629-474a-9805-6322a1b94dc5,1760514911101033333
e6bac60b-fba4-4556-88fb-1bce24dbb7d7,fdcce4b1-a629-474a-9805-6322a1b94dc5,1760514911134355555
e6bac60b-fba4-4556-88fb-1bce24dbb7d7,fdcce4b1-a629-474a-9805-6322a1b94dc5,1760514911167677777
e6bac60b-fba4-4556-88fb-1bce24dbb7d7,fdcce4b1-a629-474a-9805-6322a1b94dc5,1760514911201000000
e6bac60b-fba4-4556-88fb-1bce24dbb7d7,fdcce4b1-a629-474a-9805-6322a1b94dc5,1760514911234311111
e6bac60b-fba4-4556-88fb-1bce24dbb7d7,fdcce4b1-a629-474a-9805-6322a1b94dc5,1760514911267633333
e6bac60b-fba4-4556-88fb-1bce24dbb7d7,fdcce4b1-a629-474a-9805-6322a1b94dc5,1760514911300955555
e6bac60b-fba4-4556-88fb-1bce24dbb7d7,fdcce4b1-a629-474a-9805-6322a1b94dc5,1760514911334277777
e6bac60b-fba4-4556-88fb-1bce24dbb7d7,fdcce4b1-a629-474a-9805-6322a1b94dc5,1760514911367600000
e6bac60b-fba4-4556-88fb-1bce24dbb7d7,fdcce4b1-a629-474a-9805-6322a1b94dc5,1760514911400922222
e6bac60b-fba4-4556-88fb-1bce24dbb7d7,fdcce4b1-a629-474a-9805-6322a1b94dc5,1760514911434244444
e6bac60b-fba4-4556-88fb-1bce24dbb7d7,fdcce4b1-a629-474a-9805-6322a1b94dc5,1760514911467566666
e6bac60b-fba4-4556-88fb-1bce24dbb7d7,fdcce4b1-a629-474a-9805-6322a1b94dc5,1760514911500877777
e6bac60b-fba4-4556-88fb-1bce24dbb7d7,fdcce4b1-a629-474a-9805-6322a1b94dc5,1760514911534200000
e6bac60b-fba4-4556-88fb-1bce24dbb7d7,fdcce4b1-a629-474a-9805-6322a1b94dc5,1760514911567522222
e6bac60b-fba4-4556-88fb-1bce24dbb7d7,fdcce4b1-a629-474a-9805-6322a1b94dc5,1760514911600844444
e6bac60b-fba4-4556-88fb-1bce24dbb7d7,fdcce4b1-a629-474a-9805-6322a1b94dc5,1760514911634166666
e6bac60b-fba4-4556-88fb-1bce24dbb7d7,fdcce4b1-a629-474a-9805-6322a1b94dc5,1760514911667488888
e6bac60b-fba4-4556-88fb-1bce24dbb7d7,fdcce4b1-a629-474a-9805-6322a1b94dc5,1760514911700811111
e6bac60b-fba4-4556-88fb-1bce24dbb7d7,fdcce4b1-a629-474a-9805-6322a1b94dc5,1760514911734133333
e6bac60b-fba4-4556-88fb-1bce24dbb7d7,fdcce4b1-a629-474a-9805-6322a1b94dc5,1760514911767455555
e6bac60b-fba4-4556-88fb-1bce24dbb7d7,fdcce4b1-a629-474a-9805-6322a1b94dc5,1760514911800766666
e6bac60b-fba4-4556-88fb-1bce24dbb7d7,fdcce4b1-a629-474a-9805-6322a1b94dc5,1760514911834088888
e6bac60b-fba4-4556-88fb-1bce24dbb7d7,fdcce4b1-a629-474a-9805-6322a1b94dc5,1760514911867411111
e6bac60b-fba4-4556-88fb-1bce24dbb7d7,fdcce4b1-a629-474a-9805-6322a1b94dc5,1760514911900733333
e6bac60b-fba4-4556-88fb-1bce24dbb7d7,fdcce4b1-a629-474a-9805-6322a1b94dc5,1760514911934055555
e6bac60b-fba4-4556-88fb-1bce24dbb7d7,fdcce4b1-a629-474a-9805-6322a1b94dc5,1760514911967377777
e6bac60b-fba4-4556-88fb-1bce24dbb7d7,fdcce4b1-a629-474a-9805-6322a1b94dc5,1760514912000700000
e6bac60b-fba4-4556-88fb-1bce24dbb7d7,fdcce4b1-a629-474a-9805-6322a1b94dc5,1760514912034022222
e6bac60b-fba4-4556-88fb-1bce24dbb7d7,fdcce4b1-a629-474a-9805-6322a1b94dc5,1760514912067333333
e6bac60b-fba4-4556-88fb-1bce24dbb7d7,fdcce4b1-a629-474a-9805-6322a1b94dc5,1760514912100655555
e6bac60b-fba4-4556-88fb-1bce24dbb7d7,fdcce4b1-a629-474a-9805-6322a1b94dc5,1760514912133977777
e6bac60b-fba4-4556-88fb-1bce24dbb7d7,fdcce4b1-a629-474a-9805-6322a1b94dc5,1760514912167300000
e6bac60b-fba4-4556-88fb-1bce24dbb7d7,fdcce4b1-a629-474a-9805-6322a1b94dc5,1760514912200622222
e6bac60b-fba4-4556-88fb-1bce24dbb7d7,fdcce4b1-a629-474a-9805-6322a1b94dc5,1760514912233944444
e6bac60b-fba4-4556-88fb-1bce24dbb7d7,fdcce4b1-a629-474a-9805-6322a1b94dc5,1760514912267266666
e6bac60b-fba4-4556-88fb-1bce24dbb7d7,fdcce4b1-a629-474a-9805-6322a1b94dc5,1760514912300588888
e6bac60b-fba4-4556-88fb-1bce24dbb7d7,fdcce4b1-a629-474a-9805-6322a1b94dc5,1760514912333900000
e6bac60b-fba4-4556-88fb-1bce24dbb7d7,fdcce4b1-a629-474a-9805-6322a1b94dc5,1760514912367222222
e6bac60b-fba4-4556-88fb-1bce24dbb7d7,fdcce4b1-a629-474a-9805-6322a1b94dc5,1760514912400544444
e6bac60b-fba4-4556-88fb-1bce24dbb7d7,fdcce4b1-a629-474a-9805-6322a1b94dc5,1760514912433866666
e6bac60b-fba4-4556-88fb-1bce24dbb7d7,fdcce4b1-a629-474a-9805-6322a1b94dc5,1760514912467188888
e6bac60b-fba4-4556-88fb-1bce24dbb7d7,fdcce4b1-a629-474a-9805-6322a1b94dc5,1760514912500511111
e6bac60b-fba4-4556-88fb-1bce24dbb7d7,fdcce4b1-a629-474a-9805-6322a1b94dc5,1760514912533833333
e6bac60b-fba4-4556-88fb-1bce24dbb7d7,fdcce4b1-a629-474a-9805-6322a1b94dc5,1760514912567155555
e6bac60b-fba4-4556-88fb-1bce24dbb7d7,fdcce4b1-a629-474a-9805-6322a1b94dc5,1760514912600477777
e6bac60b-fba4-4556-88fb-1bce24dbb7d7,fdcce4b1-a629-474a-9805-6322a1b94dc5,1760514912633788888
e6bac60b-fba4-4556-88fb-1bce24dbb7d7,fdcce4b1-a629-474a-9805-6322a1b94dc5,1760514912667111111
e6bac60b-fba4-4556-88fb-1bce24dbb7d7,fdcce4b1-a629-474a-9805-6322a1b94dc5,1760514912700433333
e6bac60b-fba4-4556-88fb-1bce24dbb7d7,fdcce4b1-a629-474a-9805-6322a1b94dc5,1760514912733755555
e6bac60b-fba4-4556-88fb-1bce24dbb7d7,fdcce4b1-a629-474a-9805-6322a1b94dc5,1760514912767077777
e6bac60b-fba4-4556-88fb-1bce24dbb7d7,fdcce4b1-a629-474a-9805-6322a1b94dc5,1760514912800400000
e6bac60b-fba4-4556-88fb-1bce24dbb7d7,fdcce4b1-a629-474a-9805-6322a1b94dc5,1760514912833722222
e6bac60b-fba4-4556-88fb-1bce24dbb7d7,fdcce4b1-a629-474a-9805-6322a1b94dc5,1760514912867044444
e6bac60b-fba4-4556-88fb-1bce24dbb7d7,fdcce4b1-a629-474a-9805-6322a1b94dc5,1760514912900355555
e6bac60b-fba4-4556-88fb-1bce24dbb7d7,fdcce4b1-a629-474a-9805-6322a1b94dc5,1760514912933677777
e6bac60b-fba4-4556-88fb-1bce24dbb7d7,fdcce4b1-a629-474a-9805-6322a1b94dc5,1760514912967000000
e6bac60b-fba4-4556-88fb-1bce24dbb7d7,fdcce4b1-a629-474a-9805-6322a1b94dc5,1760514913000322222
e6bac60b-fba4-4556-88fb-1bce24dbb7d7,fdcce4b1-a629-474a-9805-6322a1b94dc5,1760514913033644444
e6bac60b-fba4-4556-88fb-1bce24dbb7d7,fdcce4b1-a629-474a-9805-6322a1b94dc5,1760514913066966666
e6bac60b-fba4-4556-88fb-1bce24dbb7d7,fdcce4b1-a629-474a-9805-6322a1b94dc5,1760514913100288888
e6bac60b-fba4-4556-88fb-1bce24dbb7d7,fdcce4b1-a629-474a-9805-6322a1b94dc5,1760514913133611111
e6bac60b-fba4-4556-88fb-1bce24dbb7d7,fdcce4b1-a629-474a-9805-6322a1b94dc5,1760514913166922222
e6bac60b-fba4-4556-88fb-1bce24dbb7d7,fdcce4b1-a629-474a-9805-6322a1b94dc5,1760514913200244444
e6bac60b-fba4-4556-88fb-1bce24dbb7d7,fdcce4b1-a629-474a-9805-6322a1b94dc5,1760514913233566666
e6bac60b-fba4-4556-88fb-1bce24dbb7d7,fdcce4b1-a629-474a-9805-6322a1b94dc5,1760514913266888888
e6bac60b-fba4-4556-88fb-1bce24dbb7d7,fdcce4b1-a629-474a-9805-6322a1b94dc5,1760514913300211111
e6bac60b-fba4-4556-88fb-1bce24dbb7d7,fdcce4b1-a629-474a-9805-6322a1b94dc5,1760514913333533333
e6bac60b-fba4-4556-88fb-1bce24dbb7d7,fdcce4b1-a629-474a-9805-6322a1b94dc5,1760514913366855555
e6bac60b-fba4-4556-88fb-1bce24dbb7d7,fdcce4b1-a629-474a-9805-6322a1b94dc5,1760514913400177777
e6bac60b-fba4-4556-88fb-1bce24dbb7d7,fdcce4b1-a629-474a-9805-6322a1b94dc5,1760514913433488888
e6bac60b-fba4-4556-88fb-1bce24dbb7d7,fdcce4b1-a629-474a-9805-6322a1b94dc5,1760514913466811111
e6bac60b-fba4-4556-88fb-1bce24dbb7d7,fdcce4b1-a629-474a-9805-6322a1b94dc5,1760514913500133333
e6bac60b-fba4-4556-88fb-1bce24dbb7d7,fdcce4b1-a629-474a-9805-6322a1b94dc5,1760514913533455555
e6bac60b-fba4-4556-88fb-1bce24dbb7d7,fdcce4b1-a629-474a-9805-6322a1b94dc5,1760514913566777777
e6bac60b-fba4-4556-88fb-1bce24dbb7d7,fdcce4b1-a629-474a-9805-6322a1b94dc5,1760514913600100000
e6bac60b-fba4-4556-88fb-1bce24dbb7d7,fdcce4b1-a629-474a-9805-6322a1b94dc5,1760514913633422222
e6bac60b-fba4-4556-88fb-1bce24dbb7d7,fdcce4b1-a629-474a-9805-6322a1b94dc5,1760514913666744444
e6bac60b-fba4-4556-88fb-1bce24dbb7d7,fdcce4b1-a629-474a-9805-6322a1b94dc5,1760514913700066666
e6bac60b-fba4-4556-88fb-1bce24dbb7d7,fdcce4b1-a629-474a-9805-6322a1b94dc5,1760514913733377777
e6bac60b-fba4-4556-88fb-1bce24dbb7d7,fdcce4b1-a629-474a-9805-6322a1b94dc5,1760514913766700000
e6bac60b-fba4-4556-88fb-1bce24dbb7d7,fdcce4b1-a629-474a-9805-6322a1b94dc5,1760514913800022222
e6bac60b-fba4-4556-88fb-1bce24dbb7d7,fdcce4b1-a629-474a-9805-6322a1b94dc5,1760514913833344444
e6bac60b-fba4-4556-88fb-1bce24dbb7d7,fdcce4b1-a629-474a-9805-6322a1b94dc5,1760514913866666666
e6bac60b-fba4-4556-88fb-1bce24dbb7d7,fdcce4b1-a629-474a-9805-6322a1b94dc5,1760514913899988888
e6bac60b-fba4-4556-88fb-1bce24dbb7d7,fdcce4b1-a629-474a-9805-6322a1b94dc5,1760514913933311111
e6bac60b-fba4-4556-88fb-1bce24dbb7d7,fdcce4b1-a629-474a-9805-6322a1b94dc5,1760514913966633333
e6bac60b-fba4-4556-88fb-1bce24dbb7d7,fdcce4b1-a629-474a-9805-6322a1b94dc5,1760514913999944444
e6bac60b-fba4-4556-88fb-1bce24dbb7d7,fdcce4b1-a629-474a-9805-6322a1b94dc5,1760514914033266666
e6bac60b-fba4-4556-88fb-1bce24dbb7d7,fdcce4b1-a629-474a-9805-6322a1b94dc5,1760514914066588888
e6bac60b-fba4-4556-88fb-1bce24dbb7d7,fdcce4b1-a629-474a-9805-6322a1b94dc5,1760514914099911111
e6bac60b-fba4-4556-88fb-1bce24dbb7d7,fdcce4b1-a629-474a-9805-6322a1b94dc5,1760514914133233333
e6bac60b-fba4-4556-88fb-1bce24dbb7d7,fdcce4b1-a629-474a-9805-6322a1b94dc5,1760514914166555555
e6bac60b-fba4-4556-88fb-1bce24dbb7d7,fdcce4b1-a629-474a-9805-6322a1b94dc5,1760514914199877777
e6bac60b-fba4-4556-88fb-1bce24dbb7d7,fdcce4b1-a629-474a-9805-6322a1b94dc5,1760514914233200000
e6bac60b-fba4-4556-88fb-1bce24dbb7d7,fdcce4b1-a629-474a-9805-6322a1b94dc5,1760514914266511111
e6bac60b-fba4-4556-88fb-1bce24dbb7d7,fdcce4b1-a629-474a-9805-6322a1b94dc5,1760514914299833333
e6bac60b-fba4-4556-88fb-1bce24dbb7d7,fdcce4b1-a629-474a-9805-6322a1b94dc5,1760514914333155555
e6bac60b-fba4-4556-88fb-1bce24dbb7d7,fdcce4b1-a629-474a-9805-6322a1b94dc5,1760514914366477777
e6bac60b-fba4-4556-88fb-1bce24dbb7d7,fdcce4b1-a629-474a-9805-6322a1b94dc5,1760514914399800000
e6bac60b-fba4-4556-88fb-1bce24dbb7d7,fdcce4b1-a629-474a-9805-6322a1b94dc5,1760514914433122222
e6bac60b-fba4-4556-88fb-1bce24dbb7d7,fdcce4b1-a629-474a-9805-6322a1b94dc5,1760514914466444444
e6bac60b-fba4-4556-88fb-1bce24dbb7d7,fdcce4b1-a629-474a-9805-6322a1b94dc5,1760514914499766666
e6bac60b-fba4-4556-88fb-1bce24dbb7d7,fdcce4b1-a629-474a-9805-6322a1b94dc5,1760514914533077777
e6bac60b-fba4-4556-88fb-1bce24dbb7d7,fdcce4b1-a629-474a-9805-6322a1b94dc5,1760514914566400000
e6bac60b-fba4-4556-88fb-1bce24dbb7d7,fdcce4b1-a629-474a-9805-6322a1b94dc5,1760514914599722222
e6bac60b-fba4-4556-88fb-1bce24dbb7d7,fdcce4b1-a629-474a-9805-6322a1b94dc5,1760514914633044444
e6bac60b-fba4-4556-88fb-1bce24dbb7d7,fdcce4b1-a629-474a-9805-6322a1b94dc5,1760514914666366666
e6bac60b-fba4-4556-88fb-1bce24dbb7d7,fdcce4b1-a629-474a-9805-6322a1b94dc5,1760514914699688888
e6bac60b-fba4-4556-88fb-1bce24dbb7d7,fdcce4b1-a629-474a-9805-6322a1b94dc5,1760514914733011111
e6bac60b-fba4-4556-88fb-1bce24dbb7d7,fdcce4b1-a629-474a-9805-6322a1b94dc5,1760514914766333333
e6bac60b-fba4-4556-88fb-1bce24dbb7d7,fdcce4b1-a629-474a-9805-6322a1b94dc5,1760514914799655555
e6bac60b-fba4-4556-88fb-1bce24dbb7d7,fdcce4b1-a629-474a-9805-6322a1b94dc5,1760514914832966666
e6bac60b-fba4-4556-88fb-1bce24dbb7d7,fdcce4b1-a629-474a-9805-6322a1b94dc5,1760514914866288888
e6bac60b-fba4-4556-88fb-1bce24dbb7d7,fdcce4b1-a629-474a-9805-6322a1b94dc5,1760514914899611111
e6bac60b-fba4-4556-88fb-1bce24dbb7d7,fdcce4b1-a629-474a-9805-6322a1b94dc5,1760514914932933333
e6bac60b-fba4-4556-88fb-1bce24dbb7d7,fdcce4b1-a629-474a-9805-6322a1b94dc5,1760514914966255555
e6bac60b-fba4-4556-88fb-1bce24dbb7d7,fdcce4b1-a629-474a-9805-6322a1b94dc5,1760514914999577777
e6bac60b-fba4-4556-88fb-1bce24dbb7d7,fdcce4b1-a629-474a-9805-6322a1b94dc5,1760514915032900000
e6bac60b-fba4-4556-88fb-1bce24dbb7d7,fdcce4b1-a629-474a-9805-6322a1b94dc5,1760514915066222222
e6bac60b-fba4-4556-88fb-1bce24dbb7d7,fdcce4b1-a629-474a-9805-6322a1b94dc5,1760514915099533333
e6bac60b-fba4-4556-88fb-1bce24dbb7d7,fdcce4b1-a629-474a-9805-6322a1b94dc5,1760514915132855555
e6bac60b-fba4-4556-88fb-1bce24dbb7d7,fdcce4b1-a629-474a-9805-6322a1b94dc5,1760514915166177777
e6bac60b-fba4-4556-88fb-1bce24dbb7d7,fdcce4b1-a629-474a-9805-6322a1b94dc5,1760514915199500000
e6bac60b-fba4-4556-88fb-1bce24dbb7d7,fdcce4b1-a629-474a-9805-6322a1b94dc5,1760514915232822222
e6bac60b-fba4-4556-88fb-1bce24dbb7d7,fdcce4b1-a629-474a-9805-6322a1b94dc5,1760514915266144444
e6bac60b-fba4-4556-88fb-1bce24dbb7d7,fdcce4b1-a629-474a-9805-6322a1b94dc5,1760514915299466666
e6bac60b-fba4-4556-88fb-1bce24dbb7d7,fdcce4b1-a629-474a-9805-6322a1b94dc5,1760514915332788888
e6bac60b-fba4-4556-88fb-1bce24dbb7d7,fdcce4b1-a629-474a-9805-6322a1b94dc5,1760514915366100000
e6bac60b-fba4-4556-88fb-1bce24dbb7d7,fdcce4b1-a629-474a-9805-6322a1b94dc5,1760514915399422222
e6bac60b-fba4-4556-88fb-1bce24dbb7d7,fdcce4b1-a629-474a-9805-6322a1b94dc5,1760514915432744444
e6bac60b-fba4-4556-88fb-1bce24dbb7d7,fdcce4b1-a629-474a-9805-6322a1b94dc5,1760514915466066666
e6bac60b-fba4-4556-88fb-1bce24dbb7d7,fdcce4b1-a629-474a-9805-6322a1b94dc5,1760514915499388888
e6bac60b-fba4-4556-88fb-1bce24dbb7d7,fdcce4b1-a629-474a-9805-6322a1b94dc5,1760514915532711111
e6bac60b-fba4-4556-88fb-1bce24dbb7d7,fdcce4b1-a629-474a-9805-6322a1b94dc5,1760514915566033333
e6bac60b-fba4-4556-88fb-1bce24dbb7d7,fdcce4b1-a629-474a-9805-6322a1b94dc5,1760514915599355555
e6bac60b-fba4-4556-88fb-1bce24dbb7d7,fdcce4b1-a629-474a-9805-6322a1b94dc5,1760514915632677777
e6bac60b-fba4-4556-88fb-1bce24dbb7d7,fdcce4b1-a629-474a-9805-6322a1b94dc5,1760514915665988888
e6bac60b-fba4-4556-88fb-1bce24dbb7d7,fdcce4b1-a629-474a-9805-6322a1b94dc5,1760514915699311111
e6bac60b-fba4-4556-88fb-1bce24dbb7d7,fdcce4b1-a629-474a-9805-6322a1b94dc5,1760514915732633333
e6bac60b-fba4-4556-88fb-1bce24dbb7d7,fdcce4b1-a629-474a-9805-6322a1b94dc5,1760514915765955555
e6bac60b-fba4-4556-88fb-1bce24dbb7d7,fdcce4b1-a629-474a-9805-6322a1b94dc5,1760514915799277777
e6bac60b-fba4-4556-88fb-1bce24dbb7d7,fdcce4b1-a629-474a-9805-6322a1b94dc5,1760514915832600000
e6bac60b-fba4-4556-88fb-1bce24dbb7d7,fdcce4b1-a629-474a-9805-6322a1b94dc5,1760514915865922222
e6bac60b-fba4-4556-88fb-1bce24dbb7d7,fdcce4b1-a629-474a-9805-6322a1b94dc5,1760514915899244444
e6bac60b-fba4-4556-88fb-1bce24dbb7d7,fdcce4b1-a629-474a-9805-6322a1b94dc5,1760514915932555555
e6bac60b-fba4-4556-88fb-1bce24dbb7d7,fdcce4b1-a629-474a-9805-6322a1b94dc5,1760514915965877777
e6bac60b-fba4-4556-88fb-1bce24dbb7d7,fdcce4b1-a629-474a-9805-6322a1b94dc5,1760514915999200000
e6bac60b-fba4-4556-88fb-1bce24dbb7d7,fdcce4b1-a629-474a-9805-6322a1b94dc5,1760514916032522222
e6bac60b-fba4-4556-88fb-1bce24dbb7d7,fdcce4b1-a629-474a-9805-6322a1b94dc5,1760514916065844444
e6bac60b-fba4-4556-88fb-1bce24dbb7d7,fdcce4b1-a629-474a-9805-6322a1b94dc5,1760514916099166666
e6bac60b-fba4-4556-88fb-1bce24dbb7d7,fdcce4b1-a629-474a-9805-6322a1b94dc5,1760514916132488888
e6bac60b-fba4-4556-88fb-1bce24dbb7d7,fdcce4b1-a629-474a-9805-6322a1b94dc5,1760514916165811111
e6bac60b-fba4-4556-88fb-1bce24dbb7d7,fdcce4b1-a629-474a-9805-6322a1b94dc5,1760514916199122222
e6bac60b-fba4-4556-88fb-1bce24dbb7d7,fdcce4b1-a629-474a-9805-6322a1b94dc5,1760514916232444444
e6bac60b-fba4-4556-88fb-1bce24dbb7d7,fdcce4b1-a629-474a-9805-6322a1b94dc5,1760514916265766666
e6bac60b-fba4-4556-88fb-1bce24dbb7d7,fdcce4b1-a629-474a-9805-6322a1b94dc5,1760514916299088888
e6bac60b-fba4-4556-88fb-1bce24dbb7d7,fdcce4b1-a629-474a-9805-6322a1b94dc5,1760514916332411111
e6bac60b-fba4-4556-88fb-1bce24dbb7d7,fdcce4b1-a629-474a-9805-6322a1b94dc5,1760514916365733333
e6bac60b-fba4-4556-88fb-1bce24dbb7d7,fdcce4b1-a629-474a-9805-6322a1b94dc5,1760514916399055555
e6bac60b-fba4-4556-88fb-1bce24dbb7d7,fdcce4b1-a629-474a-9805-6322a1b94dc5,1760514916432377777
e6bac60b-fba4-4556-88fb-1bce24dbb7d7,fdcce4b1-a629-474a-9805-6322a1b94dc5,1760514916465688888
e6bac60b-fba4-4556-88fb-1bce24dbb7d7,fdcce4b1-a629-474a-9805-6322a1b94dc5,1760514916499011111
e6bac60b-fba4-4556-88fb-1bce24dbb7d7,fdcce4b1-a629-474a-9805-6322a1b94dc5,1760514916532333333
e6bac60b-fba4-4556-88fb-1bce24dbb7d7,fdcce4b1-a629-474a-9805-6322a1b94dc5,1760514916565655555
e6bac60b-fba4-4556-88fb-1bce24dbb7d7,fdcce4b1-a629-474a-9805-6322a1b94dc5,1760514916598977777
e6bac60b-fba4-4556-88fb-1bce24dbb7d7,fdcce4b1-a629-474a-9805-6322a1b94dc5,1760514916632300000
e6bac60b-fba4-4556-88fb-1bce24dbb7d7,fdcce4b1-a629-474a-9805-6322a1b94dc5,1760514916665622222
e6bac60b-fba4-4556-88fb-1bce24dbb7d7,fdcce4b1-a629-474a-9805-6322a1b94dc5,1760514916698944444
e6bac60b-fba4-4556-88fb-1bce24dbb7d7,fdcce4b1-a629-474a-9805-6322a1b94dc5,1760514916732266666
e6bac60b-fba4-4556-88fb-1bce24dbb7d7,fdcce4b1-a629-474a-9805-6322a1b94dc5,1760514916765577777
e6bac60b-fba4-4556-88fb-1bce24dbb7d7,fdcce4b1-a629-474a-9805-6322a1b94dc5,1760514916798900000
e6bac60b-fba4-4556-88fb-1bce24dbb7d7,fdcce4b1-a629-474a-9805-6322a1b94dc5,1760514916832222222
e6bac60b-fba4-4556-88fb-1bce24dbb7d7,fdcce4b1-a629-474a-9805-6322a1b94dc5,1760514916865544444
e6bac60b-fba4-4556-88fb-1bce24dbb7d7,fdcce4b1-a629-474a-9805-6322a1b94dc5,1760514916898866666
e6bac60b-fba4-4556-88fb-1bce24dbb7d7,fdcce4b1-a629-474a-9805-6322a1b94dc5,1760514916932188888
e6bac60b-fba4-4556-88fb-1bce24dbb7d7,fdcce4b1-a629-474a-9805-6322a1b94dc5,1760514916965511111
e6bac60b-fba4-4556-88fb-1bce24dbb7d7,fdcce4b1-a629-474a-9805-6322a1b94dc5,1760514916998833333
e6bac60b-fba4-4556-88fb-1bce24dbb7d7,fdcce4b1-a629-474a-9805-6322a1b94dc5,1760514917032144444
e6bac60b-fba4-4556-88fb-1bce24dbb7d7,fdcce4b1-a629-474a-9805-6322a1b94dc5,1760514917065466666
e6bac60b-fba4-4556-88fb-1bce24dbb7d7,fdcce4b1-a629-474a-9805-6322a1b94dc5,1760514917098788888
e6bac60b-fba4-4556-88fb-1bce24dbb7d7,fdcce4b1-a629-474a-9805-6322a1b94dc5,1760514917132111111
e6bac60b-fba4-4556-88fb-1bce24dbb7d7,fdcce4b1-a629-474a-9805-6322a1b94dc5,1760514917165433333
e6bac60b-fba4-4556-88fb-1bce24dbb7d7,fdcce4b1-a629-474a-9805-6322a1b94dc5,1760514917198755555
e6bac60b-fba4-4556-88fb-1bce24dbb7d7,fdcce4b1-a629-474a-9805-6322a1b94dc5,1760514917232077777
e6bac60b-fba4-4556-88fb-1bce24dbb7d7,fdcce4b1-a629-474a-9805-6322a1b94dc5,1760514917265400000
e6bac60b-fba4-4556-88fb-1bce24dbb7d7,fdcce4b1-a629-474a-9805-6322a1b94dc5,1760514917298711111
e6bac60b-fba4-4556-88fb-1bce24dbb7d7,fdcce4b1-a629-474a-9805-6322a1b94dc5,1760514917332033333
e6bac60b-fba4-4556-88fb-1bce24dbb7d7,fdcce4b1-a629-474a-9805-6322a1b94dc5,1760514917365355555
e6bac60b-fba4-4556-88fb-1bce24dbb7d7,fdcce4b1-a629-474a-9805-6322a1b94dc5,1760514917398677777
e6bac60b-fba4-4556-88fb-1bce24dbb7d7,fdcce4b1-a629-474a-9805-6322a1b94dc5,1760514917431999999
e6bac60b-fba4-4556-88fb-1bce24dbb7d7,fdcce4b1-a629-474a-9805-6322a1b94dc5,1760514917465322222
e6bac60b-fba4-4556-88fb-1bce24dbb7d7,fdcce4b1-a629-474a-9805-6322a1b94dc5,1760514917498644444
e6bac60b-fba4-4556-88fb-1bce24dbb7d7,fdcce4b1-a629-474a-9805-6322a1b94dc5,1760514917531966666
e6bac60b-fba4-4556-88fb-1bce24dbb7d7,fdcce4b1-a629-474a-9805-6322a1b94dc5,1760514917565277777
e6bac60b-fba4-4556-88fb-1bce24dbb7d7,fdcce4b1-a629-474a-9805-6322a1b94dc5,1760514917598600000
e6bac60b-fba4-4556-88fb-1bce24dbb7d7,fdcce4b1-a629-474a-9805-6322a1b94dc5,1760514917631922222
e6bac60b-fba4-4556-88fb-1bce24dbb7d7,fdcce4b1-a629-474a-9805-6322a1b94dc5,1760514917665244444
e6bac60b-fba4-4556-88fb-1bce24dbb7d7,fdcce4b1-a629-474a-9805-6322a1b94dc5,1760514917698566666
e6bac60b-fba4-4556-88fb-1bce24dbb7d7,fdcce4b1-a629-474a-9805-6322a1b94dc5,1760514917731888888
e6bac60b-fba4-4556-88fb-1bce24dbb7d7,fdcce4b1-a629-474a-9805-6322a1b94dc5,1760514917765211111
e6bac60b-fba4-4556-88fb-1bce24dbb7d7,fdcce4b1-a629-474a-9805-6322a1b94dc5,1760514917798533333
e6bac60b-fba4-4556-88fb-1bce24dbb7d7,fdcce4b1-a629-474a-9805-6322a1b94dc5,1760514917831855555
e6bac60b-fba4-4556-88fb-1bce24dbb7d7,fdcce4b1-a629-474a-9805-6322a1b94dc5,1760514917865166666
e6bac60b-fba4-4556-88fb-1bce24dbb7d7,fdcce4b1-a629-474a-9805-6322a1b94dc5,1760514917898488888
e6bac60b-fba4-4556-88fb-1bce24dbb7d7,fdcce4b1-a629-474a-9805-6322a1b94dc5,1760514917931811111
e6bac60b-fba4-4556-88fb-1bce24dbb7d7,fdcce4b1-a629-474a-9805-6322a1b94dc5,1760514917965133333
e6bac60b-fba4-4556-88fb-1bce24dbb7d7,fdcce4b1-a629-474a-9805-6322a1b94dc5,1760514917998455555
e6bac60b-fba4-4556-88fb-1bce24dbb7d7,fdcce4b1-a629-474a-9805-6322a1b94dc5,1760514918031777777
e6bac60b-fba4-4556-88fb-1bce24dbb7d7,fdcce4b1-a629-474a-9805-6322a1b94dc5,1760514918065100000
e6bac60b-fba4-4556-88fb-1bce24dbb7d7,fdcce4b1-a629-474a-9805-6322a1b94dc5,1760514918098422222
e6bac60b-fba4-4556-88fb-1bce24dbb7d7,fdcce4b1-a629-474a-9805-6322a1b94dc5,1760514918131733333
e6bac60b-fba4-4556-88fb-1bce24dbb7d7,fdcce4b1-a629-474a-9805-6322a1b94dc5,1760514918165055555
e6bac60b-fba4-4556-88fb-1bce24dbb7d7,fdcce4b1-a629-474a-9805-6322a1b94dc5,1760514918198377777
e6bac60b-fba4-4556-88fb-1bce24dbb7d7,fdcce4b1-a629-474a-9805-6322a1b94dc5,1760514918231700000
e6bac60b-fba4-4556-88fb-1bce24dbb7d7,fdcce4b1-a629-474a-9805-6322a1b94dc5,1760514918265022222
e6bac60b-fba4-4556-88fb-1bce24dbb7d7,fdcce4b1-a629-474a-9805-6322a1b94dc5,1760514918298344444
e6bac60b-fba4-4556-88fb-1bce24dbb7d7,fdcce4b1-a629-474a-9805-6322a1b94dc5,1760514918331666666
e6bac60b-fba4-4556-88fb-1bce24dbb7d7,fdcce4b1-a629-474a-9805-6322a1b94dc5,1760514918364988888
e6bac60b-fba4-4556-88fb-1bce24dbb7d7,fdcce4b1-a629-474a-9805-6322a1b94dc5,1760514918398300000
e6bac60b-fba4-4556-88fb-1bce24dbb7d7,fdcce4b1-a629-474a-9805-6322a1b94dc5,1760514918431622222
e6bac60b-fba4-4556-88fb-1bce24dbb7d7,fdcce4b1-a629-474a-9805-6322a1b94dc5,1760514918464944444
e6bac60b-fba4-4556-88fb-1bce24dbb7d7,fdcce4b1-a629-474a-9805-6322a1b94dc5,1760514918498266666
e6bac60b-fba4-4556-88fb-1bce24dbb7d7,fdcce4b1-a629-474a-9805-6322a1b94dc5,1760514918531588888
e6bac60b-fba4-4556-88fb-1bce24dbb7d7,fdcce4b1-a629-474a-9805-6322a1b94dc5,1760514918564911111
e6bac60b-fba4-4556-88fb-1bce24dbb7d7,fdcce4b1-a629-474a-9805-6322a1b94dc5,1760514918598233333
e6bac60b-fba4-4556-88fb-1bce24dbb7d7,fdcce4b1-a629-474a-9805-6322a1b94dc5,1760514918631555555
e6bac60b-fba4-4556-88fb-1bce24dbb7d7,fdcce4b1-a629-474a-9805-6322a1b94dc5,1760514918664877777
e6bac60b-fba4-4556-88fb-1bce24dbb7d7,fdcce4b1-a629-474a-9805-6322a1b94dc5,1760514918698188888
e6bac60b-fba4-4556-88fb-1bce24dbb7d7,fdcce4b1-a629-474a-9805-6322a1b94dc5,1760514918731511111
e6bac60b-fba4-4556-88fb-1bce24dbb7d7,fdcce4b1-a629-474a-9805-6322a1b94dc5,1760514918764833333
e6bac60b-fba4-4556-88fb-1bce24dbb7d7,fdcce4b1-a629-474a-9805-6322a1b94dc5,1760514918798155555
e6bac60b-fba4-4556-88fb-1bce24dbb7d7,fdcce4b1-a629-474a-9805-6322a1b94dc5,1760514918831477777
e6bac60b-fba4-4556-88fb-1bce24dbb7d7,fdcce4b1-a629-474a-9805-6322a1b94dc5,1760514918864800000
e6bac60b-fba4-4556-88fb-1bce24dbb7d7,fdcce4b1-a629-474a-9805-6322a1b94dc5,1760514918898122222
e6bac60b-fba4-4556-88fb-1bce24dbb7d7,fdcce4b1-a629-474a-9805-6322a1b94dc5,1760514918931444444
e6bac60b-fba4-4556-88fb-1bce24dbb7d7,fdcce4b1-a629-474a-9805-6322a1b94dc5,1760514918964755555
e6bac60b-fba4-4556-88fb-1bce24dbb7d7,fdcce4b1-a629-474a-9805-6322a1b94dc5,1760514918998077777
e6bac60b-fba4-4556-88fb-1bce24dbb7d7,fdcce4b1-a629-474a-9805-6322a1b94dc5,1760514919031400000
e6bac60b-fba4-4556-88fb-1bce24dbb7d7,fdcce4b1-a629-474a-9805-6322a1b94dc5,1760514919064722222
e6bac60b-fba4-4556-88fb-1bce24dbb7d7,fdcce4b1-a629-474a-9805-6322a1b94dc5,1760514919098044444
e6bac60b-fba4-4556-88fb-1bce24dbb7d7,fdcce4b1-a629-474a-9805-6322a1b94dc5,1760514919131366666
e6bac60b-fba4-4556-88fb-1bce24dbb7d7,fdcce4b1-a629-474a-9805-6322a1b94dc5,1760514919164688888
e6bac60b-fba4-4556-88fb-1bce24dbb7d7,fdcce4b1-a629-474a-9805-6322a1b94dc5,1760514919198011111
e6bac60b-fba4-4556-88fb-1bce24dbb7d7,fdcce4b1-a629-474a-9805-6322a1b94dc5,1760514919231322222
e6bac60b-fba4-4556-88fb-1bce24dbb7d7,fdcce4b1-a629-474a-9805-6322a1b94dc5,1760514919264644444
e6bac60b-fba4-4556-88fb-1bce24dbb7d7,fdcce4b1-a629-474a-9805-6322a1b94dc5,1760514919297966666
e6bac60b-fba4-4556-88fb-1bce24dbb7d7,fdcce4b1-a629-474a-9805-6322a1b94dc5,1760514919331288888
e6bac60b-fba4-4556-88fb-1bce24dbb7d7,fdcce4b1-a629-474a-9805-6322a1b94dc5,1760514919364611111
e6bac60b-fba4-4556-88fb-1bce24dbb7d7,fdcce4b1-a629-474a-9805-6322a1b94dc5,1760514919397933333
e6bac60b-fba4-4556-88fb-1bce24dbb7d7,fdcce4b1-a629-474a-9805-6322a1b94dc5,1760514919431255555
e6bac60b-fba4-4556-88fb-1bce24dbb7d7,fdcce4b1-a629-474a-9805-6322a1b94dc5,1760514919464577777
e6bac60b-fba4-4556-88fb-1bce24dbb7d7,fdcce4b1-a629-474a-9805-6322a1b94dc5,1760514919497888888
e6bac60b-fba4-4556-88fb-1bce24dbb7d7,fdcce4b1-a629-474a-9805-6322a1b94dc5,1760514919531211111
e6bac60b-fba4-4556-88fb-1bce24dbb7d7,fdcce4b1-a629-474a-9805-6322a1b94dc5,1760514919564533333
e6bac60b-fba4-4556-88fb-1bce24dbb7d7,fdcce4b1-a629-474a-9805-6322a1b94dc5,1760514919597855555
e6bac60b-fba4-4556-88fb-1bce24dbb7d7,fdcce4b1-a629-474a-9805-6322a1b94dc5,1760514919631177777
e6bac60b-fba4-4556-88fb-1bce24dbb7d7,fdcce4b1-a629-474a-9805-6322a1b94dc5,1760514919664500000
e6bac60b-fba4-4556-88fb-1bce24dbb7d7,fdcce4b1-a629-474a-9805-6322a1b94dc5,1760514919697822222
e6bac60b-fba4-4556-88fb-1bce24dbb7d7,fdcce4b1-a629-474a-9805-6322a1b94dc5,1760514919731144444
e6bac60b-fba4-4556-88fb-1bce24dbb7d7,fdcce4b1-a629-474a-9805-6322a1b94dc5,1760514919764466666
e6bac60b-fba4-4556-88fb-1bce24dbb7d7,fdcce4b1-a629-474a-9805-6322a1b94dc5,1760514919797777777
e6bac60b-fba4-4556-88fb-1bce24dbb7d7,fdcce4b1-a629-474a-9805-6322a1b94dc5,1760514919831100000
e6bac60b-fba4-4556-88fb-1bce24dbb7d7,fdcce4b1-a629-474a-9805-6322a1b94dc5,1760514919864422222
e6bac60b-fba4-4556-88fb-1bce24dbb7d7,fdcce4b1-a629-474a-9805-6322a1b94dc5,1760514919897744444
e6bac60b-fba4-4556-88fb-1bce24dbb7d7,fdcce4b1-a629-474a-9805-6322a1b94dc5,1760514919931066666
e6bac60b-fba4-4556-88fb-1bce24dbb7d7,fdcce4b1-a629-474a-9805-6322a1b94dc5,1760514919964388888
e6bac60b-fba4-4556-88fb-1bce24dbb7d7,fdcce4b1-a629-474a-9805-6322a1b94dc5,1760514919997711111
e6bac60b-fba4-4556-88fb-1bce24dbb7d7,fdcce4b1-a629-474a-9805-6322a1b94dc5,1760514920031033333
e6bac60b-fba4-4556-88fb-1bce24dbb7d7,fdcce4b1-a629-474a-9805-6322a1b94dc5,1760514920064344444
e6bac60b-fba4-4556-88fb-1bce24dbb7d7,fdcce4b1-a629-474a-9805-6322a1b94dc5,1760514920097666666
e6bac60b-fba4-4556-88fb-1bce24dbb7d7,fdcce4b1-a629-474a-9805-6322a1b94dc5,1760514920130988888
e6bac60b-fba4-4556-88fb-1bce24dbb7d7,fdcce4b1-a629-474a-9805-6322a1b94dc5,1760514920164311111
e6bac60b-fba4-4556-88fb-1bce24dbb7d7,fdcce4b1-a629-474a-9805-6322a1b94dc5,1760514920197633333
e6bac60b-fba4-4556-88fb-1bce24dbb7d7,fdcce4b1-a629-474a-9805-6322a1b94dc5,1760514920230955555
e6bac60b-fba4-4556-88fb-1bce24dbb7d7,fdcce4b1-a629-474a-9805-6322a1b94dc5,1760514920264277777
e6bac60b-fba4-4556-88fb-1bce24dbb7d7,fdcce4b1-a629-474a-9805-6322a1b94dc5,1760514920297600000
e6bac60b-fba4-4556-88fb-1bce24dbb7d7,fdcce4b1-a629-474a-9805-6322a1b94dc5,1760514920330911111
e6bac60b-fba4-4556-88fb-1bce24dbb7d7,fdcce4b1-a629-474a-9805-6322a1b94dc5,1760514920364233333
e6bac60b-fba4-4556-88fb-1bce24dbb7d7,fdcce4b1-a629-474a-9805-6322a1b94dc5,1760514920397555555
e6bac60b-fba4-4556-88fb-1bce24dbb7d7,fdcce4b1-a629-474a-9805-6322a1b94dc5,1760514920430877777
e6bac60b-fba4-4556-88fb-1bce24dbb7d7,fdcce4b1-a629-474a-9805-6322a1b94dc5,1760514920464200000
e6bac60b-fba4-4556-88fb-1bce24dbb7d7,fdcce4b1-a629-474a-9805-6322a1b94dc5,1760514920497522222
e6bac60b-fba4-4556-88fb-1bce24dbb7d7,fdcce4b1-a629-474a-9805-6322a1b94dc5,1760514920530844444
e6bac60b-fba4-4556-88fb-1bce24dbb7d7,fdcce4b1-a629-474a-9805-6322a1b94dc5,1760514920564166666
e6bac60b-fba4-4556-88fb-1bce24dbb7d7,fdcce4b1-a629-474a-9805-6322a1b94dc5,1760514920597488888
e6bac60b-fba4-4556-88fb-1bce24dbb7d7,fdcce4b1-a629-474a-9805-6322a1b94dc5,1760514920630800000
e6bac60b-fba4-4556-88fb-1bce24dbb7d7,fdcce4b1-a629-474a-9805-6322a1b94dc5,1760514920664122222
e6bac60b-fba4-4556-88fb-1bce24dbb7d7,fdcce4b1-a629-474a-9805-6322a1b94dc5,1760514920697444444
e6bac60b-fba4-4556-88fb-1bce24dbb7d7,fdcce4b1-a629-474a-9805-6322a1b94dc5,1760514920730766666
e6bac60b-fba4-4556-88fb-1bce24dbb7d7,fdcce4b1-a629-474a-9805-6322a1b94dc5,1760514920764088888
e6bac60b-fba4-4556-88fb-1bce24dbb7d7,fdcce4b1-a629-474a-9805-6322a1b94dc5,1760514920797411111
e6bac60b-fba4-4556-88fb-1bce24dbb7d7,fdcce4b1-a629-474a-9805-6322a1b94dc5,1760514920830733333
e6bac60b-fba4-4556-88fb-1bce24dbb7d7,fdcce4b1-a629-474a-9805-6322a1b94dc5,1760514920864055555
e6bac60b-fba4-4556-88fb-1bce24dbb7d7,fdcce4b1-a629-474a-9805-6322a1b94dc5,1760514920897366666
e6bac60b-fba4-4556-88fb-1bce24dbb7d7,fdcce4b1-a629-474a-9805-6322a1b94dc5,1760514920930688888
e6bac60b-fba4-4556-88fb-1bce24dbb7d7,fdcce4b1-a629-474a-9805-6322a1b94dc5,1760514920964011111
e6bac60b-fba4-4556-88fb-1bce24dbb7d7,fdcce4b1-a629-474a-9805-6322a1b94dc5,1760514920997333333
e6bac60b-fba4-4556-88fb-1bce24dbb7d7,fdcce4b1-a629-474a-9805-6322a1b94dc5,1760514921030655555
e6bac60b-fba4-4556-88fb-1bce24dbb7d7,fdcce4b1-a629-474a-9805-6322a1b94dc5,1760514921063977777
e6bac60b-fba4-4556-88fb-1bce24dbb7d7,fdcce4b1-a629-474a-9805-6322a1b94dc5,1760514921097300000
e6bac60b-fba4-4556-88fb-1bce24dbb7d7,fdcce4b1-a629-474a-9805-6322a1b94dc5,1760514921130622222
e6bac60b-fba4-4556-88fb-1bce24dbb7d7,fdcce4b1-a629-474a-9805-6322a1b94dc5,1760514921163933333
e6bac60b-fba4-4556-88fb-1bce24dbb7d7,fdcce4b1-a629-474a-9805-6322a1b94dc5,1760514921197255555
e6bac60b-fba4-4556-88fb-1bce24dbb7d7,fdcce4b1-a629-474a-9805-6322a1b94dc5,1760514921230577777
e6bac60b-fba4-4556-88fb-1bce24dbb7d7,fdcce4b1-a629-474a-9805-6322a1b94dc5,1760514921263900000
e6bac60b-fba4-4556-88fb-1bce24dbb7d7,fdcce4b1-a629-474a-9805-6322a1b94dc5,1760514921297222222
e6bac60b-fba4-4556-88fb-1bce24dbb7d7,fdcce4b1-a629-474a-9805-6322a1b94dc5,1760514921330544444
e6bac60b-fba4-4556-88fb-1bce24dbb7d7,fdcce4b1-a629-474a-9805-6322a1b94dc5,1760514921363866666
e6bac60b-fba4-4556-88fb-1bce24dbb7d7,fdcce4b1-a629-474a-9805-6322a1b94dc5,1760514921397188888
e6bac60b-fba4-4556-88fb-1bce24dbb7d7,fdcce4b1-a629-474a-9805-6322a1b94dc5,1760514921430500000
e6bac60b-fba4-4556-88fb-1bce24dbb7d7,fdcce4b1-a629-474a-9805-6322a1b94dc5,1760514921463822222
e6bac60b-fba4-4556-88fb-1bce24dbb7d7,fdcce4b1-a629-474a-9805-6322a1b94dc5,1760514921497144444
e6bac60b-fba4-4556-88fb-1bce24dbb7d7,fdcce4b1-a629-474a-9805-6322a1b94dc5,1760514921530466666
e6bac60b-fba4-4556-88fb-1bce24dbb7d7,fdcce4b1-a629-474a-9805-6322a1b94dc5,1760514921563788888
e6bac60b-fba4-4556-88fb-1bce24dbb7d7,fdcce4b1-a629-474a-9805-6322a1b94dc5,1760514921597111111
e6bac60b-fba4-4556-88fb-1bce24dbb7d7,fdcce4b1-a629-474a-9805-6322a1b94dc5,1760514921630433333
e6bac60b-fba4-4556-88fb-1bce24dbb7d7,fdcce4b1-a629-474a-9805-6322a1b94dc5,1760514921663755555
e6bac60b-fba4-4556-88fb-1bce24dbb7d7,fdcce4b1-a629-474a-9805-6322a1b94dc5,1760514921697077777
e6bac60b-fba4-4556-88fb-1bce24dbb7d7,fdcce4b1-a629-474a-9805-6322a1b94dc5,1760514921730388888
e6bac60b-fba4-4556-88fb-1bce24dbb7d7,fdcce4b1-a629-474a-9805-6322a1b94dc5,1760514921763711111
e6bac60b-fba4-4556-88fb-1bce24dbb7d7,fdcce4b1-a629-474a-9805-6322a1b94dc5,1760514921797033333
e6bac60b-fba4-4556-88fb-1bce24dbb7d7,fdcce4b1-a629-474a-9805-6322a1b94dc5,1760514921830355555
e6bac60b-fba4-4556-88fb-1bce24dbb7d7,fdcce4b1-a629-474a-9805-6322a1b94dc5,1760514921863677777
e6bac60b-fba4-4556-88fb-1bce24dbb7d7,fdcce4b1-a629-474a-9805-6322a1b94dc5,1760514921897000000
e6bac60b-fba4-4556-88fb-1bce24dbb7d7,fdcce4b1-a629-474a-9805-6322a1b94dc5,1760514921930322222
e6bac60b-fba4-4556-88fb-1bce24dbb7d7,fdcce4b1-a629-474a-9805-6322a1b94dc5,1760514921963644444
e6bac60b-fba4-4556-88fb-1bce24dbb7d7,fdcce4b1-a629-474a-9805-6322a1b94dc5,1760514921996955555
e6bac60b-fba4-4556-88fb-1bce24dbb7d7,fdcce4b1-a629-474a-9805-6322a1b94dc5,1760514922030277777
e6bac60b-fba4-4556-88fb-1bce24dbb7d7,fdcce4b1-a629-474a-9805-6322a1b94dc5,1760514922063600000
e6bac60b-fba4-4556-88fb-1bce24dbb7d7,fdcce4b1-a629-474a-9805-6322a1b94dc5,1760514922096922222
e6bac60b-fba4-4556-88fb-1bce24dbb7d7,fdcce4b1-a629-474a-9805-6322a1b94dc5,1760514922130244444
e6bac60b-fba4-4556-88fb-1bce24dbb7d7,fdcce4b1-a629-474a-9805-6322a1b94dc5,1760514922163566666
e6bac60b-fba4-4556-88fb-1bce24dbb7d7,fdcce4b1-a629-474a-9805-6322a1b94dc5,1760514922196888888
e6bac60b-fba4-4556-88fb-1bce24dbb7d7,fdcce4b1-a629-474a-9805-6322a1b94dc5,1760514922230211111
e6bac60b-fba4-4556-88fb-1bce24dbb7d7,fdcce4b1-a629-474a-9805-6322a1b94dc5,1760514922263522222
e6bac60b-fba4-4556-88fb-1bce24dbb7d7,fdcce4b1-a629-474a-9805-6322a1b94dc5,1760514922296844444
e6bac60b-fba4-4556-88fb-1bce24dbb7d7,fdcce4b1-a629-474a-9805-6322a1b94dc5,1760514922330166666
e6bac60b-fba4-4556-88fb-1bce24dbb7d7,fdcce4b1-a629-474a-9805-6322a1b94dc5,1760514922363488888
e6bac60b-fba4-4556-88fb-1bce24dbb7d7,fdcce4b1-a629-474a-9805-6322a1b94dc5,1760514922396811111
e6bac60b-fba4-4556-88fb-1bce24dbb7d7,fdcce4b1-a629-474a-9805-6322a1b94dc5,1760514922430133333
e6bac60b-fba4-4556-88fb-1bce24dbb7d7,fdcce4b1-a629-474a-9805-6322a1b94dc5,1760514922463455555
e6bac60b-fba4-4556-88fb-1bce24dbb7d7,fdcce4b1-a629-474a-9805-6322a1b94dc5,1760514922496777777
e6bac60b-fba4-4556-88fb-1bce24dbb7d7,fdcce4b1-a629-474a-9805-6322a1b94dc5,1760514922530100000
e6bac60b-fba4-4556-88fb-1bce24dbb7d7,fdcce4b1-a629-474a-9805-6322a1b94dc5,1760514922563411111
e6bac60b-fba4-4556-88fb-1bce24dbb7d7,fdcce4b1-a629-474a-9805-6322a1b94dc5,1760514922596733333
e6bac60b-fba4-4556-88fb-1bce24dbb7d7,fdcce4b1-a629-474a-9805-6322a1b94dc5,1760514922630055555
e6bac60b-fba4-4556-88fb-1bce24dbb7d7,fdcce4b1-a629-474a-9805-6322a1b94dc5,1760514922663377777
e6bac60b-fba4-4556-88fb-1bce24dbb7d7,fdcce4b1-a629-474a-9805-6322a1b94dc5,1760514922696700000
e6bac60b-fba4-4556-88fb-1bce24dbb7d7,fdcce4b1-a629-474a-9805-6322a1b94dc5,1760514922730022222
e6bac60b-fba4-4556-88fb-1bce24dbb7d7,fdcce4b1-a629-474a-9805-6322a1b94dc5,1760514922763344444
e6bac60b-fba4-4556-88fb-1bce24dbb7d7,fdcce4b1-a629-474a-9805-6322a1b94dc5,1760514922796666666
e6bac60b-fba4-4556-88fb-1bce24dbb7d7,fdcce4b1-a629-474a-9805-6322a1b94dc5,1760514922829977777
e6bac60b-fba4-4556-88fb-1bce24dbb7d7,fdcce4b1-a629-474a-9805-6322a1b94dc5,1760514922863300000
e6bac60b-fba4-4556-88fb-1bce24dbb7d7,fdcce4b1-a629-474a-9805-6322a1b94dc5,1760514922896622222
e6bac60b-fba4-4556-88fb-1bce24dbb7d7,fdcce4b1-a629-474a-9805-6322a1b94dc5,1760514922929944444
e6bac60b-fba4-4556-88fb-1bce24dbb7d7,fdcce4b1-a629-474a-9805-6322a1b94dc5,1760514922963266666
e6bac60b-fba4-4556-88fb-1bce24dbb7d7,fdcce4b1-a629-474a-9805-6322a1b94dc5,1760514922996588888
e6bac60b-fba4-4556-88fb-1bce24dbb7d7,fdcce4b1-a629-474a-9805-6322a1b94dc5,1760514923029911111
e6bac60b-fba4-4556-88fb-1bce24dbb7d7,fdcce4b1-a629-474a-9805-6322a1b94dc5,1760514923063233333
e6bac60b-fba4-4556-88fb-1bce24dbb7d7,fdcce4b1-a629-474a-9805-6322a1b94dc5,1760514923096544444
e6bac60b-fba4-4556-88fb-1bce24dbb7d7,fdcce4b1-a629-474a-9805-6322a1b94dc5,1760514923129866666
e6bac60b-fba4-4556-88fb-1bce24dbb7d7,fdcce4b1-a629-474a-9805-6322a1b94dc5,1760514923163188888
e6bac60b-fba4-4556-88fb-1bce24dbb7d7,fdcce4b1-a629-474a-9805-6322a1b94dc5,1760514923196511111
e6bac60b-fba4-4556-88fb-1bce24dbb7d7,fdcce4b1-a629-474a-9805-6322a1b94dc5,1760514923229833333
e6bac60b-fba4-4556-88fb-1bce24dbb7d7,fdcce4b1-a629-474a-9805-6322a1b94dc5,1760514923263155555
e6bac60b-fba4-4556-88fb-1bce24dbb7d7,fdcce4b1-a629-474a-9805-6322a1b94dc5,1760514923296477777
e6bac60b-fba4-4556-88fb-1bce24dbb7d7,fdcce4b1-a629-474a-9805-6322a1b94dc5,1760514923329800000
e6bac60b-fba4-4556-88fb-1bce24dbb7d7,fdcce4b1-a629-474a-9805-6322a1b94dc5,1760514923363111111
e6bac60b-fba4-4556-88fb-1bce24dbb7d7,fdcce4b1-a629-474a-9805-6322a1b94dc5,1760514923396433333
e6bac60b-fba4-4556-88fb-1bce24dbb7d7,fdcce4b1-a629-474a-9805-6322a1b94dc5,1760514923429755555
e6bac60b-fba4-4556-88fb-1bce24dbb7d7,fdcce4b1-a629-474a-9805-6322a1b94dc5,1760514923463077777
e6bac60b-fba4-4556-88fb-1bce24dbb7d7,fdcce4b1-a629-474a-9805-6322a1b94dc5,1760514923496400000
e6bac60b-fba4-4556-88fb-1bce24dbb7d7,fdcce4b1-a629-474a-9805-6322a1b94dc5,1760514923529722222
e6bac60b-fba4-4556-88fb-1bce24dbb7d7,fdcce4b1-a629-474a-9805-6322a1b94dc5,1760514923563044444
e6bac60b-fba4-4556-88fb-1bce24dbb7d7,fdcce4b1-a629-474a-9805-6322a1b94dc5,1760514923596366666
e6bac60b-fba4-4556-88fb-1bce24dbb7d7,fdcce4b1-a629-474a-9805-6322a1b94dc5,1760514923629688888
e6bac60b-fba4-4556-88fb-1bce24dbb7d7,fdcce4b1-a629-474a-9805-6322a1b94dc5,1760514923663000000
e6bac60b-fba4-4556-88fb-1bce24dbb7d7,fdcce4b1-a629-474a-9805-6322a1b94dc5,1760514923696322222
e6bac60b-fba4-4556-88fb-1bce24dbb7d7,fdcce4b1-a629-474a-9805-6322a1b94dc5,1760514923729644444
e6bac60b-fba4-4556-88fb-1bce24dbb7d7,fdcce4b1-a629-474a-9805-6322a1b94dc5,1760514923762966666
e6bac60b-fba4-4556-88fb-1bce24dbb7d7,fdcce4b1-a629-474a-9805-6322a1b94dc5,1760514923796288888
e6bac60b-fba4-4556-88fb-1bce24dbb7d7,fdcce4b1-a629-474a-9805-6322a1b94dc5,1760514923829611111
e6bac60b-fba4-4556-88fb-1bce24dbb7d7,fdcce4b1-a629-474a-9805-6322a1b94dc5,1760514923862933333
e6bac60b-fba4-4556-88fb-1bce24dbb7d7,fdcce4b1-a629-474a-9805-6322a1b94dc5,1760514923896255555
e6bac60b-fba4-4556-88fb-1bce24dbb7d7,fdcce4b1-a629-474a-9805-6322a1b94dc5,1760514923929566666
e6bac60b-fba4-4556-88fb-1bce24dbb7d7,fdcce4b1-a629-474a-9805-6322a1b94dc5,1760514923962888888
e6bac60b-fba4-4556-88fb-1bce24dbb7d7,fdcce4b1-a629-474a-9805-6322a1b94dc5,1760514923996211111
e6bac60b-fba4-4556-88fb-1bce24dbb7d7,fdcce4b1-a629-474a-9805-6322a1b94dc5,1760514924029533333
e6bac60b-fba4-4556-88fb-1bce24dbb7d7,fdcce4b1-a629-474a-9805-6322a1b94dc5,1760514924062855555
e6bac60b-fba4-4556-88fb-1bce24dbb7d7,fdcce4b1-a629-474a-9805-6322a1b94dc5,1760514924096177777
e6bac60b-fba4-4556-88fb-1bce24dbb7d7,fdcce4b1-a629-474a-9805-6322a1b94dc5,1760514924129500000
e6bac60b-fba4-4556-88fb-1bce24dbb7d7,fdcce4b1-a629-474a-9805-6322a1b94dc5,1760514924162822222
e6bac60b-fba4-4556-88fb-1bce24dbb7d7,fdcce4b1-a629-474a-9805-6322a1b94dc5,1760514924196133333
e6bac60b-fba4-4556-88fb-1bce24dbb7d7,fdcce4b1-a629-474a-9805-6322a1b94dc5,1760514924229455555
e6bac60b-fba4-4556-88fb-1bce24dbb7d7,fdcce4b1-a629-474a-9805-6322a1b94dc5,1760514924262777777
e6bac60b-fba4-4556-88fb-1bce24dbb7d7,fdcce4b1-a629-474a-9805-6322a1b94dc5,1760514924296100000
e6bac60b-fba4-4556-88fb-1bce24dbb7d7,fdcce4b1-a629-474a-9805-6322a1b94dc5,1760514924329422222
e6bac60b-fba4-4556-88fb-1bce24dbb7d7,fdcce4b1-a629-474a-9805-6322a1b94dc5,1760514924362744444
e6bac60b-fba4-4556-88fb-1bce24dbb7d7,fdcce4b1-a629-474a-9805-6322a1b94dc5,1760514924396066666
e6bac60b-fba4-4556-88fb-1bce24dbb7d7,fdcce4b1-a629-474a-9805-6322a1b94dc5,1760514924429388888
e6bac60b-fba4-4556-88fb-1bce24dbb7d7,fdcce4b1-a629-474a-9805-6322a1b94dc5,1760514924462711111
e6bac60b-fba4-4556-88fb-1bce24dbb7d7,fdcce4b1-a629-474a-9805-6322a1b94dc5,1760514924496022222
e6bac60b-fba4-4556-88fb-1bce24dbb7d7,fdcce4b1-a629-474a-9805-6322a1b94dc5,1760514924529344444
e6bac60b-fba4-4556-88fb-1bce24dbb7d7,fdcce4b1-a629-474a-9805-6322a1b94dc5,1760514924562666666
e6bac60b-fba4-4556-88fb-1bce24dbb7d7,fdcce4b1-a629-474a-9805-6322a1b94dc5,1760514924595988888
e6bac60b-fba4-4556-88fb-1bce24dbb7d7,fdcce4b1-a629-474a-9805-6322a1b94dc5,1760514924629311111
e6bac60b-fba4-4556-88fb-1bce24dbb7d7,fdcce4b1-a629-474a-9805-6322a1b94dc5,1760514924662633333
e6bac60b-fba4-4556-88fb-1bce24dbb7d7,fdcce4b1-a629-474a-9805-6322a1b94dc5,1760514924695955555
e6bac60b-fba4-4556-88fb-1bce24dbb7d7,fdcce4b1-a629-474a-9805-6322a1b94dc5,1760514924729277777
e6bac60b-fba4-4556-88fb-1bce24dbb7d7,fdcce4b1-a629-474a-9805-6322a1b94dc5,1760514924762588888
e6bac60b-fba4-4556-88fb-1bce24dbb7d7,fdcce4b1-a629-474a-9805-6322a1b94dc5,1760514924795911111
e6bac60b-fba4-4556-88fb-1bce24dbb7d7,fdcce4b1-a629-474a-9805-6322a1b94dc5,1760514924829233333
e6bac60b-fba4-4556-88fb-1bce24dbb7d7,fdcce4b1-a629-474a-9805-6322a1b94dc5,1760514924862555555
e6bac60b-fba4-4556-88fb-1bce24dbb7d7,fdcce4b1-a629-474a-9805-6322a1b94dc5,1760514924895877777
e6bac60b-fba4-4556-88fb-1bce24dbb7d7,fdcce4b1-a629-474a-9805-6322a1b94dc5,1760514924929200000
e6bac60b-fba4-4556-88fb-1bce24dbb7d7,fdcce4b1-a629-474a-9805-6322a1b94dc5,1760514924962522222
e6bac60b-fba4-4556-88fb-1bce24dbb7d7,fdcce4b1-a629-474a-9805-6322a1b94dc5,1760514924995844444
e6bac60b-fba4-4556-88fb-1bce24dbb7d7,fdcce4b1-a629-474a-9805-6322a1b94dc5,1760514925029166666
e6bac60b-fba4-4556-88fb-1bce24dbb7d7,fdcce4b1-a629-474a-9805-6322a1b94dc5,1760514925062477777
e6bac60b-fba4-4556-88fb-1bce24dbb7d7,fdcce4b1-a629-474a-9805-6322a1b94dc5,1760514925095800000
e6bac60b-fba4-4556-88fb-1bce24dbb7d7,fdcce4b1-a629-474a-9805-6322a1b94dc5,1760514925129122222
e6bac60b-fba4-4556-88fb-1bce24dbb7d7,fdcce4b1-a629-474a-9805-6322a1b94dc5,1760514925162444444
e6bac60b-fba4-4556-88fb-1bce24dbb7d7,fdcce4b1-a629-474a-9805-6322a1b94dc5,1760514925195766666
e6bac60b-fba4-4556-88fb-1bce24dbb7d7,fdcce4b1-a629-474a-9805-6322a1b94dc5,1760514925229088888
e6bac60b-fba4-4556-88fb-1bce24dbb7d7,fdcce4b1-a629-474a-9805-6322a1b94dc5,1760514925262411111
e6bac60b-fba4-4556-88fb-1bce24dbb7d7,fdcce4b1-a629-474a-9805-6322a1b94dc5,1760514925295733333
e6bac60b-fba4-4556-88fb-1bce24dbb7d7,fdcce4b1-a629-474a-9805-6322a1b94dc5,1760514925329044444
e6bac60b-fba4-4556-88fb-1bce24dbb7d7,fdcce4b1-a629-474a-9805-6322a1b94dc5,1760514925362366666
e6bac60b-fba4-4556-88fb-1bce24dbb7d7,fdcce4b1-a629-474a-9805-6322a1b94dc5,1760514925395688888
e6bac60b-fba4-4556-88fb-1bce24dbb7d7,fdcce4b1-a629-474a-9805-6322a1b94dc5,1760514925429011111
e6bac60b-fba4-4556-88fb-1bce24dbb7d7,fdcce4b1-a629-474a-9805-6322a1b94dc5,1760514925462333333
e6bac60b-fba4-4556-88fb-1bce24dbb7d7,fdcce4b1-a629-474a-9805-6322a1b94dc5,1760514925495655555
e6bac60b-fba4-4556-88fb-1bce24dbb7d7,fdcce4b1-a629-474a-9805-6322a1b94dc5,1760514925528977777
e6bac60b-fba4-4556-88fb-1bce24dbb7d7,fdcce4b1-a629-474a-9805-6322a1b94dc5,1760514925562300000
e6bac60b-fba4-4556-88fb-1bce24dbb7d7,fdcce4b1-a629-474a-9805-6322a1b94dc5,1760514925595611111
e6bac60b-fba4-4556-88fb-1bce24dbb7d7,fdcce4b1-a629-474a-9805-6322a1b94dc5,1760514925628933333
e6bac60b-fba4-4556-88fb-1bce24dbb7d7,fdcce4b1-a629-474a-9805-6322a1b94dc5,1760514925662255555
e6bac60b-fba4-4556-88fb-1bce24dbb7d7,fdcce4b1-a629-474a-9805-6322a1b94dc5,1760514925695577777
e6bac60b-fba4-4556-88fb-1bce24dbb7d7,fdcce4b1-a629-474a-9805-6322a1b94dc5,1760514925745577777
e6bac60b-fba4-4556-88fb-1bce24dbb7d7,fdcce4b1-a629-474a-9805-6322a1b94dc5,1760514925795577777
e6bac60b-fba4-4556-88fb-1bce24dbb7d7,fdcce4b1-a629-474a-9805-6322a1b94dc5,1760514925845577777
e6bac60b-fba4-4556-88fb-1bce24dbb7d7,fdcce4b1-a629-474a-9805-6322a1b94dc5,1760514925895577777
e6bac60b-fba4-4556-88fb-1bce24dbb7d7,fdcce4b1-a629-474a-9805-6322a1b94dc5,1760514925945577777
e6bac60b-fba4-4556-88fb-1bce24dbb7d7,fdcce4b1-a629-474a-9805-6322a1b94dc5,1760514925995577777
e6bac60b-fba4-4556-88fb-1bce24dbb7d7,fdcce4b1-a629-474a-9805-6322a1b94dc5,1760514926045577777
e6bac60b-fba4-4556-88fb-1bce24dbb7d7,fdcce4b1-a629-474a-9805-6322a1b94dc5,1760514926095577777
e6bac60b-fba4-4556-88fb-1bce24dbb7d7,fdcce4b1-a629-474a-9805-6322a1b94dc5,1760514926145577777
e6bac60b-fba4-4556-88fb-1bce24dbb7d7,fdcce4b1-a629-474a-9805-6322a1b94dc5,1760514926195577777
e6bac60b-fba4-4556-88fb-1bce24dbb7d7,fdcce4b1-a629-474a-9805-6322a1b94dc5,1760514926245577777
e6bac60b-fba4-4556-88fb-1bce24dbb7d7,fdcce4b1-a629-474a-9805-6322a1b94dc5,1760514926295577777
e6bac60b-fba4-4556-88fb-1bce24dbb7d7,fdcce4b1-a629-474a-9805-6322a1b94dc5,1760514926345577777
e6bac60b-fba4-4556-88fb-1bce24dbb7d7,fdcce4b1-a629-474a-9805-6322a1b94dc5,1760514926395577777
e6bac60b-fba4-4556-88fb-1bce24dbb7d7,fdcce4b1-a629-474a-9805-6322a1b94dc5,1760514926445577777
e6bac60b-fba4-4556-88fb-1bce24dbb7d7,fdcce4b1-a629-474a-9805-6322a1b94dc5,1760514926495577777
e6bac60b-fba4-4556-88fb-1bce24dbb7d7,fdcce4b1-a629-474a-9805-6322a1b94dc5,1760514926545577777
e6bac60b-fba4-4556-88fb-1bce24dbb7d7,fdcce4b1-a629-474a-9805-6322a1b94dc5,1760514926595577777
e6bac60b-fba4-4556-88fb-1bce24dbb7d7,fdcce4b1-a629-474a-9805-6322a1b94dc5,1760514926645577777
e6bac60b-fba4-4556-88fb-1bce24dbb7d7,fdcce4b1-a629-474a-9805-6322a1b94dc5,1760514926695577777
e6bac60b-fba4-4556-88fb-1bce24dbb7d7,fdcce4b1-a629-474a-9805-6322a1b94dc5,1760514926745577777
